col_0,col_1,col_2
0.14,84.92,23.441
0.07,84.745,23.441
0.0,84.57,23.441
0.02,84.41,23.433
0.005000000000000001,83.675,23.429499999999997
-0.01,82.94,23.426
-0.07,83.12,23.417
-0.19,82.2,23.415
-0.11,81.44,23.414
0.03,82.33,23.408
0.02,81.36,23.406
-0.03,81.21,23.405
-0.04,82.1,23.406
-0.04,82.23,23.407
-0.02,81.41,23.406
-0.01,81.41,23.403
0.01,81.92,23.397
0.02,82.13,23.393
0.01,82.53,23.388
0.04,82.13,23.384
0.01,82.18,23.381
0.03,82.28,23.372
0.01,81.92,23.361
0.03,81.95,23.353
0.04,82.1,23.345
0.03,82.53,23.336
0.0,82.23,23.331
0.02,82.96,23.323
0.03,83.395,23.313499999999998
0.04,83.83,23.304
0.03,83.755,23.301499999999997
0.02,83.68,23.299
0.07,83.37,23.296
0.08,82.69,23.295
0.08,83.02,23.295
0.05,82.81,23.296
-0.02,83.52,23.294
0.0,82.53,23.287
-0.07,82.08,23.282
-0.06,82.15,23.277
-0.01,82.35,23.27
0.02,82.46,23.263
0.02,82.56,23.256
0.02,82.63,23.253
0.06,82.89,23.247
-0.02,82.84,23.242
0.01,82.69,23.247
0.03,82.86,23.243
0.02,83.7,23.238
-0.07,83.68,23.233
-0.03,84.26,23.231
0.0,84.23,23.225
0.0,83.83,23.221
-0.02,84.72,23.215
0.04,85.0,23.212
0.05,84.97,23.21
0.05,84.57,23.21
0.06,84.23,23.208
0.05,84.31,23.207
0.07,83.45,23.206
-0.01,83.8,23.204
-0.01,83.4,23.198
-0.01,83.8,23.194
-0.02,83.65,23.194
-0.05,84.03,23.193
-0.04,84.39,23.189
0.02,84.06,23.183
0.01,83.65,23.176
-0.08,83.47,23.173
-0.03,83.68,23.167
-0.03,83.63,23.165
0.0,83.52,23.158
-0.01,84.08,23.157
-0.02,84.51,23.156
-0.02,84.84,23.152
-0.01,85.51,23.145
-0.02,86.55,23.145
-0.02,85.91,23.147
-0.01,85.63,23.149
0.01,84.92,23.148
0.05,84.57,23.146
0.07,84.29,23.145
0.08,84.46,23.14
0.1,84.31,23.14
0.08,84.13,23.143
0.08,84.44,23.141
0.04,84.21,23.136
-0.02,84.49,23.128
-0.04,84.01,23.123
-0.09,84.51,23.119
-0.1,84.44,23.118
-0.1,85.05,23.12
-0.05,84.87,23.121
-0.035,84.73,23.116999999999997
-0.02,84.59,23.113
-0.04,83.68,23.107
-0.02,83.29,23.099
-0.01,83.19,23.095
-0.01,83.37,23.096
0.04,83.57,23.094
0.03,82.63,23.091
0.0,82.63,23.089
-0.01,83.12,23.086
-0.005,83.005,23.083
0.0,82.89,23.08
-0.03,83.32,23.075
-0.04,83.02,23.068
0.04,83.24,23.067
-0.05,83.52,23.066
-0.01,83.35,23.066
0.0,83.83,23.069
0.05,83.09,23.068
-0.04,82.48,23.066
-0.01,81.75,23.064
-0.03,82.91,23.06
-0.02,82.71,23.059
-0.02,81.85,23.055
-0.05,81.57,23.055
-0.02,81.62,23.061
-0.01,81.92,23.062
-0.03,82.02,23.06
0.01,81.24,23.063
-0.02,81.39,23.065
-0.02,80.75,23.059
0.01,81.06,23.051
-0.024999999999999994,81.555,23.055
-0.06,82.05,23.059
-0.04,81.97,23.067
-0.02,82.2,23.066
-0.02,81.77,23.061
-0.02,81.34,23.064
0.05,82.08,23.073
0.17,82.35,23.088
0.03,82.02,23.098
0.1,81.9,23.11
0.16,82.51,23.122
0.02,81.82,23.123
0.03,81.41,23.134
-0.07,81.39,23.145
-0.05500000000000001,81.47999999999999,23.148
-0.04,81.57,23.151
-0.05,82.0,23.154
-0.04,82.28,23.155
-0.07,81.62,23.162
0.01,81.36,23.169
-0.07,81.08,23.18
-0.1,80.83,23.178
-0.02,81.06,23.186
-0.03,81.26,23.192
-0.02,81.87,23.185
-0.015,81.81,23.180999999999997
-0.01,81.75,23.177
-0.02,81.34,23.179
-0.02,81.69,23.173
-0.03,81.69,23.173
-0.0049999999999999975,81.83,23.161499999999997
0.02,81.97,23.15
0.02,82.2,23.134
0.015,82.355,23.130000000000003
0.01,82.51,23.126
0.04,82.58,23.118
0.04,82.28,23.109
0.1,82.99,23.098
0.01,82.94,23.092
0.01,82.53,23.085
0.01,83.04,23.082
0.04,83.42,23.084
0.01,83.17,23.075
0.02,83.5,23.071
0.01,83.4,23.075
0.03,83.8,23.071
0.04,84.11,23.063
0.01,84.36,23.062
0.02,84.46,23.072
0.02,84.72,23.073
0.04,84.77,23.072
0.01,84.51,23.064
0.02,84.69,23.056
0.02,84.16,23.055
0.0,84.21,23.053
0.03,84.67,23.048
0.02,84.84,23.043
0.03,84.66333333333334,23.038999999999998
0.04,84.48666666666666,23.035
0.05,84.31,23.031
0.060000000000000005,84.52333333333334,23.027666666666665
0.07,84.73666666666666,23.024333333333335
0.08,84.95,23.021
0.01,84.62,23.014
-0.01,84.59,23.013
0.05,84.34,23.012
0.05,84.34,23.008
0.01,84.21,23.002
0.045000000000000005,84.32499999999999,22.999499999999998
0.08,84.44,22.997
0.04,84.21,22.993
0.02,84.34,22.983
-0.07,84.18,22.971
-0.015,83.86500000000001,22.964
0.04,83.55,22.957
0.01,83.65,22.951
0.02,83.93,22.945
0.01,83.93,22.936
0.04,84.31,22.932
0.0,84.77,22.932
-0.01,84.54,22.932
-0.06,84.39,22.929
-0.04,84.18,22.923
0.04,84.57,22.92
0.06,84.54,22.915
-0.02,84.87,22.909
0.07,85.02,22.907
0.01,84.84,22.902
0.01,85.0,22.898
0.01,85.05,22.893
0.005,84.975,22.8885
0.0,84.9,22.884
-0.01,84.57,22.88
-0.05,84.62,22.876
-0.01,84.01,22.871
0.02,83.57,22.867
0.0,83.9,22.861
-0.01,84.57,22.853
-0.019999999999999997,84.595,22.848
-0.03,84.62,22.843
0.04,84.31,22.841
-0.08,84.57,22.842
-0.02,85.25,22.844
0.13,85.4,22.843
0.02,84.97,22.839
0.02,85.23,22.836
0.0,85.33,22.831
-0.11,85.02,22.828
-0.05,85.07,22.824
-0.04,85.0,22.82
-0.17,88.05,22.816
-0.1,87.46,22.812
-0.08,85.73,22.807
0.01,85.3,22.802
0.04,86.6,22.8
0.05,86.85,22.799
0.02,87.11,22.798
0.05,86.17,22.796
0.01,86.27,22.793
0.01,85.94,22.792
0.02,86.04,22.792
0.05,87.36,22.791
-0.01,87.59,22.792
-0.05,86.45,22.793
0.01,86.9,22.793
-0.02,85.81,22.795
-0.02,84.26,22.801
-0.13,83.37,22.805
-0.05,83.6,22.805
0.03,84.31,22.811
0.07,85.15,22.81
-0.02,85.61,22.81
-0.07,86.04,22.812
-0.1,85.94,22.819
-0.04,86.32,22.824
-0.02,86.47,22.833
-0.01,86.5,22.829
-0.025,85.95,22.8335
-0.04,85.4,22.838
0.0,85.17,22.849
-0.01,85.02,22.846
0.01,84.87,22.855
-0.02,86.06,22.857
0.02,85.84,22.869
-0.01,85.51,22.876
0.01,85.07,22.869
0.07,85.05,22.87
0.053333333333333344,84.79666666666667,22.873333333333335
0.036666666666666674,84.54333333333334,22.876666666666665
0.02,84.29,22.88
0.0,83.07,22.884
-0.0033333333333333335,83.14333333333333,22.892
-0.006666666666666667,83.21666666666667,22.900000000000002
-0.01,83.29,22.908
-0.01,82.35,22.901
-0.02,82.71,22.903
0.04,82.48,22.901
0.02,82.35,22.898
-0.009999999999999998,81.82,22.893
-0.04,81.29,22.888
-0.04,81.11,22.88
-0.02,81.08,22.882
0.01,81.21,22.885
0.11,81.24,22.88
0.0,81.72,22.872
0.05,82.48,22.872
0.11,82.86,22.867
0.15,82.53,22.867
0.13,83.02,22.867
0.01,83.12,22.866
0.1,83.57,22.867
0.09,83.52,22.861
0.05,83.24,22.856
0.03,83.55,22.85
0.04,83.45,22.842
0.0,83.65,22.83
-0.05,83.93,22.827
-0.07,84.18,22.826
-0.045000000000000005,84.33500000000001,22.819499999999998
-0.02,84.49,22.813
0.02,84.31,22.806
0.04,84.62,22.8
0.03,84.84,22.799
0.03,84.84,22.798
0.03,84.955,22.7885
0.03,85.07,22.779
0.02,85.28,22.766
0.04,85.28,22.762
0.02,85.66,22.756
0.02,85.84,22.751
0.02,86.17,22.745
0.01,86.55,22.74
0.03,86.72,22.734
0.01,86.88,22.728
0.01,87.23,22.722
0.02,87.11,22.72
0.01,87.23,22.724
0.0,87.23,22.723
-0.005,87.245,22.7215
-0.01,87.26,22.72
0.0,87.46,22.712
0.01,87.56,22.704
0.01,87.36,22.699
0.0,87.33,22.694
-0.01,87.59,22.687
0.0,87.97,22.684
0.0,87.94,22.678
0.0,87.66,22.673
0.01,87.79,22.67
0.01,88.12,22.669
0.01,88.07,22.668
0.01,88.1,22.665
0.01,88.17,22.657
0.0,88.1,22.651
0.01,87.97,22.647
0.01,88.2,22.641
-0.01,88.33,22.632
-0.01,88.38,22.626
-0.02,88.53,22.622
0.02,88.71,22.618
0.02,88.81,22.6115
0.02,88.91,22.605
0.01,88.94,22.6
0.01,88.91,22.595
0.01,88.53,22.593
0.01,88.33,22.587
-0.02,88.12,22.582
0.0,87.97,22.576
0.01,87.82,22.566
-0.01,87.89,22.561
0.01,87.87,22.555
0.01,88.12,22.548
-0.01,88.02,22.544
-0.01,87.92,22.541
0.02,87.97,22.539
0.02,87.82,22.541
0.0,88.12,22.543
-0.01,87.87,22.544
-0.03,87.84,22.543
-0.05,87.69,22.543
0.04,86.6,22.542
0.04,86.39,22.54
0.0,86.32,22.536
0.02,87.18,22.532
-0.01,86.83,22.528
-0.01,86.675,22.5255
-0.01,86.52,22.523
-0.01,86.95,22.519
-0.05,87.28,22.517
0.01,87.79,22.515
0.0,87.31,22.52
0.03,87.31,22.529
0.0,87.05,22.532
-0.05,86.85,22.538
-0.04,86.78,22.543
-0.05,86.83,22.549
-0.02,86.88,22.554
-0.02,86.93,22.558
0.04,86.62,22.56
-0.01,87.21,22.563
-0.01,87.13,22.562
0.01,87.31,22.563
0.02,86.9,22.562
-0.01,86.5,22.567
0.04,85.1,22.59
0.05500000000000001,84.66499999999999,22.601
0.07,84.23,22.612
-0.03,84.54,22.63
-0.07,84.57,22.635
0.02,84.23,22.641
0.01,84.36,22.642
-0.02,84.87,22.649
0.02,85.2,22.659
0.02,85.15,22.661
0.01,85.68,22.662
0.0,85.73,22.671
-0.02,85.71,22.681
-0.01,85.68,22.696
0.01,85.71,22.707
-0.02,85.86,22.721
-0.04,86.06,22.729
-0.05,85.86,22.761
-0.1,85.71,22.771
-0.02,85.96,22.782
-0.07,85.91,22.794
-0.03,85.45,22.793
0.02,85.53,22.83
0.03,85.45,22.852
0.07,85.28,22.857
0.0,85.51,22.857
-0.01,85.45,22.868
0.04,85.61,22.889
-0.01,85.66,22.912
-0.02,85.76,22.934
-0.02,85.81,22.956
-0.02,85.33,22.975
-0.01,85.15,22.982
0.0,85.12,22.995
-0.01,85.2,22.981
0.04,85.2,23.012
-0.01,85.05,23.076
-0.03,84.08,23.085
-0.03,84.06,23.075
0.02,84.16,23.056
0.03,84.06,23.031
0.01,83.52,23.018
-0.02,83.47,23.019
-0.02,83.65,23.032
-0.05,84.34,23.021
-0.11,84.01,22.997
-0.03,84.03,22.986
0.03,84.21,22.964
0.01,83.9,22.995
0.01,83.85,23.008
-0.02,83.75,22.99
-0.05,84.03,22.967
-0.03,84.29,22.98
-0.03,85.05,22.964
-0.05,85.51,22.951
-0.17,86.19,22.942
-0.12000000000000001,86.445,22.93
-0.07,86.7,22.918
-0.04,86.8,22.917
0.08,87.23,22.93
0.02,86.88,22.943
-0.01,87.05,22.959
0.07,87.03,22.959
0.01,87.13,22.951
0.05,87.11,22.955
-0.08,87.18,22.964
-0.01,87.05,22.962
0.08,87.08,22.953
0.06,87.23,22.952
-0.04,87.54,22.951
0.01,87.82,22.942
0.08,88.15,22.928
0.07,88.1,22.931
-0.02,88.15,22.926
0.05,87.89,22.942
0.05,88.02,22.941
-0.1,87.26,22.922
0.05,87.44,22.908
-0.06,87.54,22.9
-0.07,87.56,22.891
0.02,87.56,22.882
-0.01,86.98,22.87
-0.02,87.13,22.873
-0.04,87.26,22.871
0.0,86.45,22.87
-0.01,86.93,22.878
-0.04,87.0,22.87
-0.03,87.05,22.861
0.05,87.64,22.856
0.07,86.98,22.859
-0.02,87.13,22.864
0.08,87.56,22.866
0.08,87.51,22.88
-0.06,87.69,22.885
0.13,88.35,22.892
0.01,88.45,22.897
-0.05,88.17,22.897
0.06,88.02,22.895
0.06,87.97,22.901
0.0,87.69,22.904
0.08,87.31,22.913
0.02,87.51,22.909
0.01,87.28,22.908
0.0,87.08,22.909
0.01,87.46,22.901
0.01,87.69,22.898
0.0,87.74,22.9
-0.01,88.1,22.898
0.0,88.12,22.897
0.0,88.38,22.885
0.0,88.38,22.879
0.0,88.38,22.873
0.01,88.33,22.865
0.01,88.55,22.861
0.01,88.68,22.856
0.0,88.58,22.851
-0.02,88.55,22.851
0.01,88.43,22.851
0.01,88.55,22.852
0.0,88.53,22.853
0.0,88.76,22.852
-0.01,88.55,22.86
-0.01,88.35,22.859
0.0,88.6,22.859
-0.04,88.33,22.857
0.01,88.68,22.85
0.02,88.53,22.845
0.0,88.68,22.837
0.01,88.94,22.834
-0.02,89.11,22.836
0.01,89.39,22.836
0.01,89.34,22.831
0.02,88.73,22.827
0.05,88.05,22.83
0.07,87.61,22.832
0.07,87.26,22.828
0.04,86.52,22.829
0.01,86.83,22.836
-0.06,86.78,22.835
-0.07,86.19,22.858
0.01,85.71,22.862
-0.04,87.64,22.87
-0.05,88.4,22.872
0.01,87.77,22.875
0.05,87.945,22.8825
0.09,88.12,22.89
0.05,88.63,22.901
0.03,88.63,22.916
0.01,88.53,22.931
-0.01,88.38,22.938
-0.01,88.35499999999999,22.945
-0.01,88.33,22.952
-0.01,88.2,22.964
-0.01,87.61,22.987
-0.03,86.98,23.008
-0.05,86.98,23.019
-0.02,86.47,23.036
-0.04,85.99,23.046
-0.02,85.73,23.05
0.01,85.71,23.066
0.0,85.3,23.065
-0.01,85.43,23.071
-0.01,84.59,23.068
-0.04,84.16,23.068
-0.02,84.03,23.066
-0.04,83.63,23.06
-0.02,84.03,23.056
-0.04,84.39,23.043
0.0,84.92,23.035
-0.01,84.82,23.047
-0.02,84.92,23.046
0.01,85.1,23.039
0.0,84.74,23.034
-0.01,84.87,23.042
0.0,84.92,23.037
0.02,84.84,23.038
0.01,85.12,23.03
0.01,84.72,23.03
0.01,84.77,23.028
0.01,84.49,23.034
0.005,84.615,23.031
0.0,84.74,23.028
0.11,84.23,23.02
0.17,83.75,23.01
-0.02,83.9,23.013
-0.01,84.01,23.005
-0.01,84.36,22.994
-0.02,84.16,22.982
-0.02,84.41,22.97
-0.03,84.59,22.954
-0.05,85.35,22.943
-0.04,85.81,22.933
-0.04,85.91,22.93
-0.04,86.7,22.922
-0.01,86.47,22.923
0.04,86.5,22.922
0.02,86.85,22.916
0.05,86.85,22.916
0.04,86.85,22.905
0.04,87.18,22.9
0.04,87.44,22.89
0.04,87.23,22.894
0.04,87.51,22.894
0.04,87.64,22.886
0.02,86.6,22.865
0.02,86.47,22.854
0.02,86.37,22.872
0.01,86.67,22.888
0.02,86.8,22.886
0.02,87.18,22.878
0.015,87.04,22.880499999999998
0.01,86.9,22.883
0.01,86.98,22.906
0.01,86.93,22.911
0.01,86.52,22.908
0.02,86.7,22.905
-0.01,86.85,22.899
0.03,86.45,22.9
-0.01,86.47,22.896
0.01,86.93,22.885
0.02,87.16,22.871
0.02,87.13,22.869
0.03,87.0,22.872
0.02,87.31,22.88
0.01,87.39,22.887
0.0,87.56,22.893
0.0,87.41,22.884
0.0,87.46,22.873
0.01,87.41,22.865
0.02,87.61,22.857
0.0,87.41,22.848
0.0,87.72,22.84
-0.01,87.66,22.834
0.01,87.82,22.835
-0.04,87.66,22.84
-0.03,87.61,22.834
-0.07,87.74,22.822
-0.02,87.33,22.814
0.04,87.72,22.81
-0.01,86.88,22.812
0.01,86.7,22.808
0.02,85.71,22.8
-0.02,85.76,22.79
0.01,85.4,22.782
0.03,85.76,22.79
0.02,85.48,22.792
0.01,85.43,22.787
0.01,85.07,22.788
0.02,85.12,22.789
0.0,85.02,22.799
-0.01,85.2,22.8
-0.01,84.77,22.8
0.0,84.82,22.798
0.0,84.67,22.792
0.0,84.49,22.782
-0.01,84.26,22.777
0.01,84.13,22.772
0.0,83.78,22.769
-0.01,83.7,22.768
0.0,83.7,22.763
0.0,83.7,22.762
-0.01,84.41,22.761
-0.02,84.44,22.77
-0.02,84.77,22.771
0.01,85.43,22.769
0.0,85.38,22.767
0.0,85.66,22.76
0.04,85.38,22.753
0.06,84.84,22.75
0.07,85.56,22.756
0.06333333333333334,85.19333333333333,22.758666666666667
0.05666666666666667,84.82666666666667,22.761333333333333
0.05,84.46,22.764
0.02,84.11,22.769
0.0,83.955,22.78
-0.02,83.8,22.791
-0.015,83.84,22.7925
-0.01,83.88,22.794
-0.03,83.69999999999999,22.799500000000002
-0.05,83.52,22.805
-0.03,83.78,22.802
-0.06,83.45,22.8
-0.02,83.68,22.813
-0.02,84.08,22.814
-0.05,83.96,22.829
-0.05,84.06,22.836
-0.01,84.18,22.85
0.0,84.36,22.856
-0.04,84.72,22.861
-0.02,84.69,22.866
-0.01,84.84,22.868
-0.01,84.95,22.873
0.01,84.87,22.89
-0.01,84.845,22.9005
-0.03,84.82,22.911
-0.02,85.23,22.92
0.02,85.33,22.929
-0.02,85.63,22.931
0.0,85.78,22.927
-0.02,86.34,22.946
0.01,86.22,22.964
0.01,86.52,22.976
0.01,86.29,22.984
0.01,86.45,23.004
0.01,86.45,23.008
0.0,86.62,23.012
0.01,86.37,23.019
0.02,85.91,23.041
-0.02,85.25,23.033
-0.01,85.61,23.052
0.01,85.33,23.053
0.005,85.14,23.061500000000002
0.0,84.95,23.07
0.01,84.87,23.072
0.02,85.02,23.078
0.04,85.05,23.085
0.01,84.49,23.085
0.01,84.44,23.088
-0.07,83.83,23.105
-0.07,83.7,23.144
-0.02,83.35,23.137
0.02,83.17,23.142
-0.04,83.22,23.137
-0.06,83.65,23.139
-0.08,82.94,23.13
-0.07,83.68,23.129
0.02,83.83,23.122
-0.02,83.63,23.104
-0.01,83.24,23.075
-0.05,83.24,23.078
-0.0050000000000000044,83.405,23.0765
0.04,83.57,23.075
0.03,83.78,23.075
-0.01,84.08,23.069
0.01,84.13,23.065
0.01,84.64,23.074
0.02,85.0,23.081
0.1,85.28,23.075
0.06,85.28,23.064
0.08,85.05,23.044
0.1,85.17,23.046
0.06,84.79,23.058
0.02,84.82,23.073
0.01,84.62,23.062
0.02,84.69,23.042
0.04,84.79,23.047
0.01,85.1,23.058
0.01,84.69,23.042
0.02,85.15,23.028
0.01,85.4,23.027
0.01,85.45,23.028
0.04,85.68,23.038
0.03,85.99,23.05
0.03,86.09,23.041
0.01,86.62,23.039
0.02,86.8,23.033
-0.01,87.08,23.024
-0.01,87.41,23.019
-0.05,87.69,23.008
0.02,87.79,23.001
-0.02,88.05,22.994
0.06,88.38,22.974
0.02,88.27,22.967
0.05,88.4,22.966
0.01,88.71,22.964
0.02,88.53,22.975
0.01,88.94,22.971
0.04,89.24,22.964
0.01,89.32,22.96
0.02,89.34,22.964
0.01,89.34,22.961
0.0,89.52,22.959
-0.01,89.29,22.952
0.01,89.54,22.95
0.05,89.7,22.951
0.02,89.67,22.949
-0.01,89.6,22.951
0.0,89.47,22.955
0.01,89.62,22.952
0.01,89.54,22.945
0.0,89.72,22.927
-0.01,89.32,22.914
-0.01,89.21,22.911
-0.01,89.47,22.914
-0.04,89.29,22.903
-0.02,89.42,22.904
0.04,89.54,22.908
0.02,89.32,22.909
0.03,89.52,22.907
0.02,89.42,22.901
0.02,89.54,22.887
-0.04,89.44,22.88
-0.03,89.54,22.876
-0.04,89.62,22.87
-0.02,89.66,22.875
0.0,89.7,22.88
0.05,89.7,22.887
0.07,89.8,22.892
0.02,90.03,22.886
0.0,90.15,22.88
0.01,90.21,22.881
0.0,90.05,22.887
0.0,90.03,22.895
0.01,90.08,22.891
-0.01,89.95,22.89
-0.04,90.0,22.886
0.01,89.95,22.882
0.01,89.83500000000001,22.877000000000002
0.01,89.72,22.872
0.01,89.39,22.867
0.05,88.94,22.86
0.03,88.76,22.858
0.06,88.53,22.846
0.02,88.07,22.837
0.04,88.0,22.838
0.04,87.46,22.84
0.0,87.66,22.85
0.01,87.11,22.86
-0.01,86.98,22.866
-0.02,86.9,22.863
-0.02,86.93,22.864
-0.02,86.88,22.87
-0.01,87.41,22.878
-0.05,87.36,22.879
-0.04,87.31,22.886
0.0,87.32,22.8985
0.04,87.33,22.911
0.02,87.39,22.925
0.0,87.54,22.946
-0.01,87.61,22.954
-0.05,87.66,22.972
-0.01,87.66,22.998
0.01,87.31,23.003
-0.03,86.9,23.043
-0.09,86.78,23.069
-0.01,86.67,23.087
0.01,86.88,23.088
0.06,86.52,23.088
0.0,86.45,23.111
-0.05,86.65,23.119
-0.01,86.24,23.133
0.02,86.27,23.142
-0.02,86.04,23.157
-0.04,86.09,23.207
-0.03,86.14,23.228
0.04,86.14,23.258
0.04,86.62,23.263
-0.07,86.85,23.321
0.07,86.85,23.311
-0.02,86.7,23.3
0.01,86.88,23.323
0.01,86.78,23.351
0.04,86.65,23.379
0.04,86.8,23.395
-0.13,86.5,23.394
-0.01,86.06,23.389
0.09,85.4,23.399
0.02,85.1,23.395
0.01,84.9,23.389
0.02,84.34,23.394
-0.01,84.82,23.395
-0.005,84.63,23.3905
0.0,84.44,23.386
-0.01,84.16,23.389
-0.05,84.36,23.404
-0.04,84.44,23.394
-0.03,84.67,23.398
-0.04,85.07,23.403
-0.06,85.07,23.373
-0.07,85.23,23.375
-0.04,85.33,23.375
-0.05,85.78,23.375
-0.06,85.63,23.361
-0.08,85.81,23.345
-0.05,85.66,23.334
-0.01,86.01,23.329
-0.01,86.45,23.324
0.02,86.5,23.322
0.02,86.57,23.308
0.02,86.98,23.3
0.05,87.28,23.282
0.03,87.28,23.268
0.03,87.33,23.274
0.02,87.64,23.275
0.02,87.66,23.266
0.03,87.74,23.246
0.02,87.84,23.243
0.02,88.07,23.24
0.04,88.22,23.244
0.02,87.87,23.243
0.01,88.15,23.232
0.02,87.87,23.218
0.01,88.17,23.218
0.01,88.38,23.233
0.01,88.17,23.232
0.0,88.2,23.231
0.01,88.63,23.216
0.01,88.81,23.218
0.01,88.4,23.211
0.0,88.43,23.208
0.01,88.63,23.207
-0.01,88.58,23.203
0.02,88.48,23.2
0.01,88.58,23.197
0.01,88.53,23.207
0.01,88.4,23.206
0.01,88.02,23.214
0.01,87.82,23.215
0.0,87.59,23.216
0.01,87.74,23.217
0.0,87.77,23.211
0.0,87.36,23.204
0.0,87.23,23.204
0.0,87.46,23.206
0.0,87.49,23.206
0.02,87.49,23.206
-0.01,87.08,23.203
-0.02,86.7,23.197
-0.01,86.55,23.193
-0.01,86.42,23.197
0.0,86.57,23.193
-0.01,86.24,23.189
-0.02,86.17,23.19
-0.01,86.11,23.185
-0.01,86.22,23.183
-0.01,85.84,23.184
-0.01,86.11,23.188
0.01,85.71,23.189
0.0,86.11,23.189
0.02,85.96,23.192
0.01,86.14,23.191
0.01,86.47,23.188
0.01,86.72,23.185
0.02,86.65,23.182
0.015,86.39500000000001,23.18
0.01,86.14,23.178
0.01,86.47,23.177
-0.02,86.83,23.177
-0.02,86.78,23.178
0.01,87.39,23.188
0.0,86.9,23.183
0.02,87.18,23.177
-0.02,87.0,23.183
-0.02,87.18,23.185
0.02,86.9,23.182
0.02,87.08,23.181
0.02,87.28,23.178
0.02,86.85,23.183
0.01,87.26,23.183
0.0,87.41,23.183
0.03,87.36,23.187
0.01,86.88,23.19
0.02,87.11,23.191
-0.01,86.85,23.191
-0.02,86.9,23.188
-0.04,87.74,23.184
-0.02,87.0,23.187
0.02,86.01,23.193
0.05,86.22,23.199
0.07,85.84,23.197
0.02,85.78,23.193
0.03,85.94,23.195
-0.01,86.45,23.199
-0.07,86.5,23.207
-0.02,85.94,23.217
0.04,85.73,23.218
0.01,86.01,23.226
0.05,86.06,23.236
-0.01,86.11,23.246
-0.02,86.29,23.255
-0.04,86.5,23.25
-0.01,86.47,23.267
0.04,86.47,23.282
-0.09,86.42,23.31
-0.13,86.22,23.311
0.08,86.14,23.33
-0.04,86.06,23.341
-0.01,86.37,23.348
0.01,86.04,23.348
-0.16,85.53,23.361
0.0,85.89,23.382
-0.13,86.57,23.375
-0.07,86.88,23.38
-0.04,87.18,23.389
-0.11,87.39,23.37
0.08,87.56,23.376
0.19,87.49,23.362
-0.04,86.88,23.372
0.01,86.88,23.377
0.1,86.9,23.397
0.04,86.93,23.405
-0.01,86.88,23.419
-0.08,86.95,23.427
0.11,86.93,23.438
0.065,86.915,23.4455
0.02,86.9,23.453
-0.02,86.9,23.479
-0.08,87.56,23.479
-0.06,87.42,23.481
-0.04,87.28,23.483
0.07,87.28,23.468
-0.08,87.31,23.491
-0.04,87.36,23.475
-0.01,87.46,23.464
-0.01,87.41,23.459
0.05,87.51,23.463
-0.02,87.56,23.468
-0.02,87.64,23.466
-0.07,87.61,23.466
-0.09,87.87,23.446
-0.09,87.87,23.455
-0.03,87.92,23.457
0.01,87.84,23.446
-0.01,88.02,23.434
0.0,88.2,23.438
0.01,88.1,23.43
0.02,88.53,23.419
0.06,88.53,23.4
0.01,88.53,23.392
0.03,88.48,23.387
0.02,88.63,23.379
-0.04,88.63,23.377
0.05,88.88,23.376
0.0,88.88,23.364
-0.01,88.86,23.351
0.06,89.01,23.348
0.02,88.76,23.348
0.01,88.88,23.34
0.05,88.83,23.34
-0.02,88.88,23.341
-0.015,88.91,23.3365
-0.01,88.94,23.332
0.01,88.86,23.326
0.02,88.91,23.319
0.02,88.985,23.31
0.02,89.06,23.301
0.0,89.11,23.295
0.0,89.29,23.292
-0.01,89.34,23.285
-0.01,89.32,23.289
0.0,89.34,23.287
0.02,89.62,23.281
0.01,89.47,23.276
0.01,89.405,23.275
0.01,89.34,23.274
0.01,89.85,23.278
0.02,89.72,23.275
-0.01,89.72,23.269
0.0,89.75,23.266
0.02,90.18,23.265
0.03,90.08,23.26
0.0,90.15,23.254
0.0,90.23,23.254
-0.01,90.21,23.256
0.0,90.23,23.256
0.04,90.54,23.256
0.01,90.56,23.256
0.02,90.64,23.257
-0.02,90.71,23.255
-0.02,90.56,23.256
-0.02,90.51,23.256
0.01,90.61,23.256
0.03,90.54,23.255
-0.02,90.54,23.249
0.04,90.59,23.243
0.0,90.59,23.237
-0.01,90.28,23.234
-0.01,90.21,23.236
-0.01,90.15,23.241
0.0,90.28,23.243
-0.01,90.18,23.244
-0.01,90.28,23.237
-0.02,90.15,23.231
-0.01,90.15,23.226
-0.01,90.15,23.221
0.01,90.56,23.216
0.01,90.48,23.209
0.01,90.48,23.206
0.0,90.51,23.206
0.02,90.69,23.208
0.02,90.64,23.204
0.03,90.61,23.204
0.03,90.97,23.21
0.0,90.69,23.211
0.02,90.51,23.205
0.015,90.42,23.2045
0.01,90.33,23.204
-0.04,90.56,23.207
0.01,90.54,23.209
-0.02,90.13,23.207
-0.01,90.08,23.207
0.01,89.75,23.206
0.02,89.29,23.205
0.04,89.04,23.206
0.02,89.32,23.203
-0.04,89.32,23.205
-0.04,89.47,23.204
-0.04,89.11,23.201
0.0,88.78,23.199
0.01,88.4,23.199
0.02,88.53,23.197
0.0,88.325,23.197
-0.02,88.12,23.197
-0.02,88.12,23.197
-0.05,88.12,23.208
-0.07,88.45,23.214
-0.03,88.25,23.218
0.04,88.53,23.225
-0.05,88.5,23.235
-0.05,88.55,23.239
-0.01,88.6,23.259
-0.03,88.5,23.262
-0.01,88.53,23.261
-0.07,88.55,23.28
0.08,88.55,23.299
-0.03,88.71,23.315
-0.07,88.83,23.339
-0.06,88.66,23.34
-0.01,88.83,23.335
0.0,88.72999999999999,23.339
0.01,88.63,23.343
0.02,88.66,23.349
-0.01,88.45,23.375
0.05,88.1,23.383
-0.04,87.61,23.38
-0.05,87.16,23.372
0.01,86.88,23.367
0.0,86.65,23.369
0.05,86.24,23.381
0.08,86.47,23.382
0.0,86.22,23.379
0.02,86.32,23.404
0.07,86.45,23.429
-0.02,85.73,23.431
0.03,85.86,23.438
0.04,86.32,23.438
-0.06,86.09,23.442
-0.04,85.66,23.448
-0.04,85.94,23.452
0.04,86.72,23.461
0.07,86.34,23.47
0.04,86.39,23.476
0.08,86.83,23.483
0.02,86.9,23.483
0.0,86.965,23.472
-0.02,87.03,23.461
0.08,87.05,23.463
-0.07,86.93,23.458
-0.01,86.93,23.462
0.07,86.95,23.448
-0.1,86.9,23.434
-0.06,86.8,23.429
-0.05,86.47,23.429
0.1,86.5,23.447
-0.01,86.5,23.454
-0.01,86.45,23.459
-0.06,86.6,23.458
0.06,86.95,23.457
0.055,87.22,23.450000000000003
0.05,87.49,23.443
-0.05,87.69,23.431
-0.04,87.92,23.414
0.06,88.3,23.404
0.08,88.55,23.409
-0.01,88.55,23.403
0.04,88.55,23.384
0.02,88.55,23.361
0.04,88.83,23.355
0.04,89.19,23.35
0.01,89.34,23.334
-0.05,89.54,23.314
0.02,89.47,23.311
0.04,89.32,23.302
0.0,89.24,23.296
0.03,89.52,23.294
0.04,89.42,23.294
-0.01,89.47,23.302
0.0,89.65,23.291
0.01,89.75,23.282
0.01,89.75,23.275
0.01,89.42,23.274
0.0,89.75,23.267
0.02,89.42,23.267
-0.01,89.09,23.268
-0.01,89.27,23.255
-0.01,88.94,23.246
0.01,88.83,23.244
0.01,88.63,23.238
0.0,88.73,23.239
-0.01,88.45,23.235
0.02,88.73,23.235
0.01,88.94,23.226
0.01,89.19,23.218
-0.01,89.04,23.214
0.02,89.39,23.206
-0.01,89.34,23.197
0.02,89.7,23.188
0.02,89.77,23.183
0.0,89.72,23.193
0.01,89.7,23.193
0.02,89.7,23.191
0.0,89.75,23.179
0.02,89.72,23.187
0.01,89.8,23.202
-0.01,89.82,23.208
-0.01,89.925,23.204
-0.01,90.03,23.2
-0.04,90.23,23.19
-0.01,89.88,23.184
0.01,90.15,23.174
0.0,90.56,23.178
0.02,90.54,23.186
0.01,90.61,23.18
0.02,90.56,23.171
0.03,90.51,23.167
0.01,90.21,23.17
0.0,90.03,23.165
0.01,90.13,23.157
0.01,90.18,23.159
0.01,90.48,23.162
0.02,90.48,23.157
0.02,90.36,23.152
0.01,90.43,23.153
0.0,90.54,23.162
0.005,90.74000000000001,23.1645
0.01,90.94,23.167
0.0,90.99,23.164
0.01,91.3,23.161
0.0,91.3,23.154
0.0,91.32,23.153
-0.02,91.6,23.153
-0.07,91.81,23.147
-0.01,91.86,23.139
0.02,91.81,23.134
0.01,91.78,23.134
0.02,91.81,23.137
0.01,91.73,23.132
0.05,91.45,23.127
0.04,91.65,23.12
-0.01,91.04,23.113
0.03,91.04,23.117
0.02,90.43,23.115
0.01,89.9,23.11
-0.02,89.72,23.112
-0.07,89.75,23.121
-0.02,89.7,23.138
-0.03,89.7,23.158
-0.07,89.67,23.158
-0.06,89.32,23.169
-0.09,89.11,23.178
-0.1,89.21,23.19
-0.12,88.96,23.193
-0.08333333333333333,88.96,23.205333333333336
-0.04666666666666666,88.96,23.217666666666666
-0.01,88.96,23.23
0.03,88.94,23.237
-0.04,88.94,23.25
-0.02,89.01,23.259
-0.01,89.32,23.28
0.02,89.65,23.275
0.11,89.72,23.29
0.05,90.0,23.343
0.05,90.08,23.402
0.1,90.0,23.43
0.04,89.98,23.469
-0.03,90.0,23.493
-0.02,90.03,23.534
-0.02,89.89,23.549
-0.02,89.75,23.564
-0.01,89.62,23.595
0.04,89.44,23.599
0.02,89.34,23.607
0.04,89.32,23.627
-0.02,89.34,23.635
-0.015,89.125,23.633000000000003
-0.01,88.91,23.631
-0.01,88.5,23.643
-0.06,88.5,23.667
0.01,88.5,23.673
0.07,88.1,23.718
0.05,87.69,23.805
-0.03,87.36,23.86
0.06,86.98,23.894
-0.01,86.9,23.944
0.1,87.31,23.945
0.01,87.54,23.949
-0.07,87.33,23.993
-0.04,87.21,24.014
0.06,87.23,23.972
0.14,86.62,23.95
0.3,86.95,23.947
0.02,87.08,23.952
-0.08,86.98,23.998
-0.03,87.16,23.964
-0.01,87.77,23.944
-0.03,87.23,23.888
-0.13,86.65,23.878
-0.05,85.51,23.873
-0.02,85.28,23.881
-0.04,85.73,23.887
0.06,85.91,23.877
0.03,86.01,23.874
0.03,85.94,23.853
0.01,86.06,23.817
-0.04,85.76,23.809
-0.03,84.79,23.821
-0.01,85.1,23.822
0.02,85.2,23.793
0.02,85.07,23.762
0.21,85.17,23.739
0.37,84.29,23.733
0.255,84.745,23.729
0.14,85.2,23.725
0.11,85.17,23.705
0.04,85.45,23.701
0.04,86.06,23.697
-0.04,85.76,23.687
-0.01,85.48,23.673
0.02,85.48,23.655
0.01,85.23,23.656
0.019999999999999997,85.89,23.654
0.03,86.55,23.652
0.01,86.57,23.655
0.09,86.88,23.682
0.04,87.03,23.695
0.02,87.31,23.683
0.02,87.31,23.673
0.07,87.21,23.666
0.02,87.39,23.648
0.01,87.72,23.634
0.0,87.69,23.616
0.01,88.07,23.599
0.02,88.17,23.583
0.01,88.07,23.574
0.01,88.1,23.569
0.01,88.1,23.563
0.01,87.72,23.551
-0.02,86.65,23.546
0.0,86.34,23.548
0.01,85.66,23.557
-0.01,85.63,23.556
-0.02,85.28,23.536
0.03,84.9,23.545
-0.01,85.45,23.55
0.02,85.38,23.556
-0.02,85.78,23.567
0.02,85.73,23.568
0.02,85.76,23.564
-0.01,85.23,23.565
-0.01,84.16,23.548
0.01,83.93,23.547
0.02,84.21,23.587
0.02,84.31,23.616
0.02,83.68,23.633
0.09,84.64,23.635
0.0,83.55,23.624
0.01,83.57,23.624
0.08,83.9,23.615
0.01,83.96,23.614
0.0,84.03,23.616
-0.02,83.75,23.613
-0.035,83.65,23.5875
-0.05,83.55,23.562
0.04,83.83,23.549
0.01,82.96,23.553
-0.01,83.37,23.566000000000003
-0.03,83.78,23.579
0.04,83.88,23.584
0.01,83.9,23.589
0.05,83.83,23.59
0.04,84.18,23.599
0.07,83.78,23.627
-0.02,84.74,23.641
0.06,84.67,23.651
-0.01,85.02,23.654
0.020000000000000004,84.53999999999999,23.656
0.05,84.06,23.658
0.01,84.13,23.666
0.01,84.21,23.679
0.02,83.02,23.684
0.07,82.43,23.679
0.05,82.91,23.684
0.05,82.275,23.672
0.05,81.64,23.66
0.03,82.0,23.651
0.009999999999999998,82.025,23.6535
-0.01,82.05,23.656
0.01,82.66,23.658
0.01,82.96,23.667
-0.03,82.96,23.678
-0.01,83.02,23.684
-0.03,82.89,23.692
-0.07,83.07,23.707
0.01,83.5,23.775
0.01,83.6,23.789
-0.04,83.24,23.814
-0.02,83.27,23.839
-0.05,83.07,23.853
-0.02,82.61,23.85
0.0,83.83,23.857
-0.05,83.7,23.866
-0.14,83.83,23.886
0.05,84.18,23.91
0.2,83.965,23.932499999999997
0.35,83.75,23.955
-0.06,83.65,23.972
0.25,83.73,23.979
0.23,83.68,23.973
-0.08,83.27,23.975
-0.1,83.22,23.993
0.04,83.8,24.008
-0.03,83.96,24.038
0.1,84.46,24.035
0.23,84.62,24.049
0.095,84.25,24.0735
-0.04,83.88,24.098
0.11,82.66,24.138
0.16,83.12,24.138
-0.01,83.45,24.15
-0.01,83.85,24.147
0.08,83.57,24.161
0.01,84.11,24.16
0.1,83.73,24.183
0.12,83.55,24.208
0.05,84.01,24.228
0.13,84.36,24.227
-0.03,83.14,24.236
-0.11,83.29,24.227
-0.02,84.01,24.211
-0.01,83.78,24.206
0.07,83.78,24.209
0.04,83.73,24.194
-0.1,82.51,24.189
-0.09,82.13,24.184
-0.04,82.74,24.198
-0.09,82.58,24.19
-0.03,82.86,24.182
0.03,82.99,24.204
0.07,84.13,24.218
0.05,84.72,24.226
-0.02,84.69,24.219
-0.015,84.97,24.1995
-0.01,85.25,24.18
0.03,86.06,24.169
0.02,85.63,24.158
0.015,84.87,24.128
0.01,84.11,24.098
0.0,85.07,24.069
0.02,84.44,24.079
0.05,84.77,24.057
0.01,84.34,24.073
0.04,85.53,24.076
0.04,84.31,24.077
0.02,84.26,24.067
0.02,84.08,24.033
-0.04,84.77,24.041
-0.02,84.49,24.0315
0.0,84.21,24.022
0.01,83.73,24.025
0.0,84.41,24.018
0.02,84.87,24.008
0.01,85.12,23.978
0.0,85.15,23.96
0.02,85.38,23.942
-0.01,84.46,23.943
0.01,84.74,23.95
0.015,84.705,23.9565
0.02,84.67,23.963
0.0,84.36,23.946
-0.02,84.36,23.958
0.02,84.72,23.971
-0.02,84.34,23.977
0.0,84.9,23.985
0.05,85.0,24.001
-0.02,84.54,23.995
0.01,84.62,23.981
-0.01,84.74,23.971
0.04,85.0,24.015
0.03,85.14,24.0305
0.02,85.28,24.046
-0.01,85.3,24.04
-0.04,85.25,24.022
0.0,85.68,24.013
-0.01,85.58,24.008
0.01,85.84,24.0
0.02,85.76,23.985
0.02,85.86,23.982
-0.01,85.43,23.973
-0.04,84.29,23.998
-0.02,84.57,23.999
-0.03,84.23,23.985
0.02,84.23,23.993
0.01,84.21,24.012
-0.01,83.68,24.021
0.03,83.8,24.025
-0.01,82.58,24.022
-0.01,82.63,24.012
-0.04,82.86,23.995
-0.04,82.2,23.979
-0.01,82.74,23.964
-0.01,82.94,23.959
0.01,82.58,23.948
0.02,82.66,23.938
0.01,82.96,23.931
0.01,83.04,23.946
0.05,83.4,23.97
0.01,83.68,23.982
0.01,83.63,23.985
0.0,84.11,23.988
0.01,84.67,23.984
0.07,84.64,23.997
0.15,85.3,24.023
0.0,85.68,24.025
-0.1,84.84,24.033
-0.06,84.44,24.046
-0.02,85.3,24.027
-0.02,85.25,24.016
-0.05,85.0,24.014
0.0,85.61,24.017
0.01,85.63,24.034
0.01,85.38,24.033
0.01,84.87,24.043
-0.01,84.74,24.048
-0.01,85.1,24.036
-0.02,84.82,24.02
0.01,85.43,24.001
0.01,84.9,23.999
-0.04,84.51,24.013
0.01,84.77,24.026
-0.02,84.74,24.036
0.03,85.73,24.035
0.01,85.58,24.031
-0.04,85.07,24.045
-0.04,85.23,24.056
-0.03,86.09,24.068
-0.04,85.45,24.084
0.01,83.98,24.098
0.0,83.93,24.095
-0.01,83.88,24.092
0.02,83.75,24.103
-0.01,84.11,24.117
-0.02,84.77,24.14
-0.04,84.87,24.151
-0.05,85.45,24.15
-0.07,84.49,24.161
-0.01,85.56,24.154
0.03,86.06,24.169
0.02,85.78,24.176
0.02,85.4,24.177
-0.05,84.64,24.188
0.0,83.8,24.211
-0.02,83.14,24.207
-0.1,83.22,24.237
-0.01,83.88,24.24
-0.01,84.87,24.244
0.0,85.4,24.245
0.03,85.63,24.258
0.04,85.4,24.277
0.04,85.07,24.309
0.05,85.2,24.308
0.01,84.92,24.319
0.02,85.05,24.333
0.01,85.53,24.337
-0.05,84.64,24.309
0.05,84.87,24.288
-0.07,84.9,24.275
0.05,83.63,24.275
0.0,82.91,24.273
-0.02,83.27,24.275
-0.02,82.96,24.277
-0.05,86.72,24.269
-0.07,87.05,24.254
0.13,86.93,24.241
0.06,86.57,24.255
0.01,85.4,24.291
-0.02,84.62,24.308
-0.05,84.16,24.315
-0.01,83.9,24.316
-0.015,83.825,24.296999999999997
-0.02,83.75,24.278
-0.03,83.52,24.257
-0.03,82.79,24.247
-0.03,83.27,24.249
0.02,83.93,24.242
-0.03,82.91,24.227
-0.02,83.22,24.196
-0.01,82.89,24.178
0.03,82.86,24.168
0.035,83.32,24.174500000000002
0.04,83.78,24.181
0.02,86.29,24.174
0.0,85.86,24.172
0.05,85.84,24.183
0.03,85.71,24.18
0.05,85.25,24.164
0.04,85.25,24.162
0.01,83.45,24.157
-0.06,83.52,24.134
0.02,84.41,24.119
0.0,83.7,24.103
0.02,83.83,24.097
0.0,84.16,24.112
-0.02,83.22,24.111
0.02,83.9,24.115
0.05,84.41,24.119
0.01,85.35,24.115
0.03,84.97,24.123
0.02,85.02,24.127
0.04,85.35,24.116
0.0,85.76,24.127
0.02,85.68,24.133
0.02,85.63,24.138
0.01,85.15,24.133
-0.02,84.16,24.122
-0.005000000000000001,84.32499999999999,24.113
0.01,84.49,24.104
0.01,84.18,24.103
-0.04,84.01,24.092
-0.02,84.44,24.082
0.02,84.54,24.071
0.01,84.16,24.053
0.0,83.78,24.035
0.01,84.11,24.041
0.01,84.34,24.038
0.0,84.57,24.038
-0.02,83.35,24.044
-0.01,83.7,24.055
0.02,83.83,24.059
0.01,86.98,24.077
-0.01,86.01,24.078
-0.01,85.84,24.063
0.03,85.0,24.053
0.0,85.12,24.035
0.08,84.46,24.026
0.02,84.34,24.021
0.01,83.63,24.016
-0.1,82.74,24.023
-0.08,81.16,24.037
-0.02,82.02,24.032
0.02,81.54,24.049
0.01,81.64,24.068
-0.01,82.48,24.079
0.01,83.7,24.08
0.02,82.91,24.077
-0.05,82.13,24.062
0.01,82.74,24.051
0.0,82.46,24.054
0.01,82.02,24.052
0.01,82.66,24.053
0.01,81.77,24.055
0.01,81.85,24.053
0.01,82.2,24.044
0.01,82.46,24.035
-0.02,81.54,24.044
-0.01,81.82,24.052
0.01,83.04,24.043
0.02,83.47,24.045
-0.01,83.83,24.056
-0.02,83.9,24.063
0.01,84.31,24.067
0.01,84.23,24.058
-0.03,82.81,24.047
0.04,80.88,24.033
-0.01,80.12,24.034
-0.060000000000000005,79.295,24.034
-0.11,78.47,24.034
-0.08,78.75,24.056
0.02,79.59,24.05
0.07,80.58,24.049
0.1,79.33,24.076
-0.05,79.33,24.084
-0.1,81.11,24.116
-0.03,81.08,24.13
-0.07,80.78,24.113
-0.14,79.53,24.082
-0.11,79.26,24.092
-0.05,80.35,24.098
0.0,79.74,24.11
0.01,79.84,24.123
0.1,79.79,24.14
-0.02,79.48,24.147
0.02,79.51,24.147
0.0,80.02,24.15
0.0,80.09,24.162
0.01,79.94,24.17
-0.03,82.0,24.2
0.01,82.28,24.203
0.02,81.03,24.194
-0.07,80.35,24.19
0.01,79.31,24.204
0.08,80.25,24.176
-0.08,79.59,24.184
0.01,80.5,24.205
0.02,81.16,24.261
-0.01,81.44,24.288
0.06,81.36,24.316
0.02,80.65,24.333
-0.04,80.91,24.314
-0.02,81.54,24.297
0.02,81.57,24.274
0.07,81.85,24.274
0.07,82.08,24.31
0.01,82.05,24.323
-0.05,82.18,24.328
-0.03,81.36,24.361
0.05,80.91,24.371
0.08,81.14,24.366
-0.06,81.39,24.353
0.08,79.79,24.335
0.07,80.49000000000001,24.3525
0.06,81.19,24.37
0.06,80.91,24.384
0.07,80.96,24.388
-0.1,79.92,24.388
-0.02,79.89,24.383
0.07,80.91,24.364
0.09,80.83,24.352
-0.17,80.02,24.338
0.01,80.42,24.333
-0.12,80.09,24.332
0.02,80.75,24.337
-0.07,79.18,24.335
0.0,78.87,24.332
0.01,80.88,24.34
0.04,80.04,24.344
0.02,79.86,24.339
-0.02,79.66,24.333
0.01,79.94,24.324
0.04,80.27,24.321
0.01,80.58,24.313
0.05,81.16,24.322
0.05,81.49,24.321
0.05,81.31,24.322
0.03,81.36,24.31
0.009999999999999998,81.13499999999999,24.311
-0.01,80.91,24.312
-0.02,79.79,24.3
-0.01,79.48,24.296
0.01,79.51,24.297
0.01,80.02,24.283
0.02,81.41,24.268
0.02,82.56,24.278
0.04,82.61,24.272
-0.01,81.57,24.271
0.01,81.19,24.268
0.01,80.425,24.2745
0.01,79.66,24.281
0.02,80.4,24.279
-0.02,79.99,24.278
-0.01,80.02,24.283
-0.01,80.005,24.2765
-0.01,79.99,24.27
-0.04,80.12,24.263
-0.01,79.84,24.265
-0.04,79.05,24.265
0.01,79.38,24.259
0.07,78.62,24.258
0.01,77.78,24.258
-0.02,77.78,24.258
0.05,78.67,24.251
0.01,82.61,24.248
-0.02,81.92,24.246
0.1,81.26,24.253
-0.01,81.31,24.254
0.04,80.7,24.25
-0.06,81.52,24.24
-0.05,80.7,24.24
0.01,80.45,24.232
0.05,80.83,24.228
-0.04,80.68,24.215
0.01,81.29,24.211
-0.04,80.07,24.212
-0.025,80.185,24.2185
-0.01,80.3,24.225
-0.05,79.36,24.225
0.01,80.42,24.206
0.04,81.44,24.204
0.02,81.75,24.219
0.0,82.1,24.216
0.01,82.48,24.224
-0.04,80.73,24.223
0.0,80.35,24.218
-0.02,79.94,24.217
0.02,80.53,24.218
0.02,80.63,24.211
0.07,80.83,24.2
-0.01,81.16,24.192
-0.01,81.62,24.19
-0.01,80.65,24.185
-0.04,80.4,24.189
-0.04,80.02,24.188
0.0,80.6,24.184
0.03,80.7,24.182
0.01,80.65,24.173
-0.02,79.53,24.167
-0.04,80.86,24.167
0.02,80.45,24.167
-0.02,79.94,24.167
0.0,79.51,24.174
-0.01,79.41,24.176
0.01,80.12,24.173
0.06,79.99,24.175
-0.02,80.83,24.182
-0.01,81.34,24.191
0.01,81.75,24.189
0.0,80.3,24.183
0.01,79.92,24.177
-0.05,78.85,24.184
-0.04,79.86,24.187
-0.05,79.89,24.19
-0.02,79.08,24.195
0.03,77.32,24.196
-0.05,76.87,24.198
-0.01,77.81,24.203
0.02,77.35,24.212
-0.09,77.5,24.221
-0.02,77.76,24.23
-0.05,78.75,24.233
0.02,79.99,24.231
0.04,79.46,24.238
0.0,78.7,24.253
0.08,79.15,24.261
0.04,79.86,24.271
-0.07,80.14,24.276
0.03,80.04,24.281
0.07,80.12,24.291
-0.02,79.26,24.298
-0.09500000000000001,78.52000000000001,24.3025
-0.17,77.78,24.307
0.01,77.3,24.312
0.08,77.83,24.317
-0.04,78.44,24.317
-0.01,78.34,24.319
-0.02,77.83,24.331
0.06,77.93,24.34
-0.01,78.34,24.345
0.01,78.62,24.356
0.03,78.85,24.372
0.04,79.18,24.377
0.03,79.48,24.384
-0.05,82.35,24.376
0.03,81.19,24.372
-0.1,79.94,24.377
0.0,79.43,24.379
0.01,78.98,24.374
0.07,79.18,24.378
0.08,79.48,24.374
-0.09,78.49,24.371
0.06,77.96,24.375
-0.04,77.65,24.37
-0.06,77.91,24.376
-0.025,78.57,24.3765
0.01,79.23,24.377
0.01,78.98,24.371
0.01,78.62,24.369
-0.04,78.21,24.361
-0.02,78.39,24.356
-0.03,77.55,24.37
0.03,78.37,24.389
0.01,78.34,24.39
-0.01,77.83,24.391
0.05,78.16,24.389
-0.01,79.31,24.385
-0.01,79.03,24.379
0.02,79.38,24.372
0.01,78.34,24.366
0.02,78.62,24.366
0.04,80.4,24.36
0.22,80.53,24.356
0.08,80.53,24.356
-0.04,80.91,24.36
0.0,79.92,24.365
-0.04,81.44,24.357
-0.035,80.55,24.3585
-0.03,79.66,24.36
0.0,80.35,24.356
0.02,81.36,24.346
0.06,80.4,24.341
-0.03,79.71,24.34
-0.02,79.81,24.328
0.02,79.41,24.328
-0.01,79.66,24.325
0.01,80.3,24.328
0.04,79.99,24.33
0.0,80.02,24.332
-0.01,80.17,24.329
-0.01,80.98,24.327
0.015000000000000001,80.78,24.325000000000003
0.04,80.58,24.323
-0.05,79.15,24.32
-0.05,79.61,24.322
0.03,79.18,24.326
-0.02,79.71,24.326
0.02,80.09,24.321
0.03,80.32,24.318
-0.01,80.02,24.32
0.01,79.94,24.323
0.015,79.685,24.3215
0.02,79.43,24.32
-0.03,78.29,24.317
0.01,78.11,24.315
0.0,78.21,24.316
-0.02,78.14,24.32
-0.01,77.58,24.316
0.01,78.62,24.311
-0.04,78.62,24.315
0.01,79.36,24.314
0.0,79.46,24.314
0.02,79.79,24.317
-0.02,79.48,24.317
-0.02,78.87,24.313
-0.01,78.29,24.308
0.03,77.88,24.304
-0.05,80.04,24.304
-0.01,80.8,24.303
0.04,81.01,24.306
-0.02,81.9,24.305
0.02,80.93,24.301
-0.03,79.59,24.297
-0.01,78.9,24.293
0.02,79.48,24.293
0.06,78.95,24.288
0.07,79.33,24.285
-0.01,79.1,24.276
0.05,79.38,24.267
0.06,79.94,24.263
-0.04,79.0,24.264
0.08,84.77,24.26
-0.03,83.98,24.262
-0.08,82.89,24.262
-0.04,82.89,24.259
-0.04,81.57,24.253
0.05,82.48,24.25
0.0,82.02,24.245
-0.02,81.16,24.241
0.01,80.47,24.238
-0.04,82.43,24.238
-0.03,81.67,24.238
-0.01,79.31,24.239
-0.03,78.65,24.242
-0.0049999999999999975,79.575,24.2365
0.02,80.5,24.231
-0.1,79.59,24.226
-0.05,78.8,24.228
0.0,77.98,24.233
0.005,77.905,24.2345
0.01,77.83,24.236
0.04,76.36,24.234
-0.02,76.94,24.243
0.08,77.43,24.249
0.02,76.71,24.252
-0.15,76.82,24.255
-0.04,77.02,24.255
-0.07,76.56,24.259
-0.1,76.26,24.259
-0.05,76.1,24.259
0.03,77.48,24.26
-0.08,76.56,24.263
0.01,77.04,24.264
0.05,76.97,24.268
0.01,77.55,24.271
-0.01,77.22,24.271
0.02,77.68,24.274
0.09,77.45,24.274
-0.02,78.32,24.283
-0.015,77.695,24.2975
-0.01,77.07,24.312
-0.02,75.75,24.306
0.05,75.9,24.3
-0.01,76.41,24.307
-0.04,76.38,24.31
0.04,74.86,24.315
-0.07,73.01,24.327
-0.08,72.73,24.335
0.04,73.26,24.335
0.07,73.39,24.338
-0.01,73.67,24.339
0.06,74.2,24.343
-0.02,72.47,24.344
0.0,73.82,24.34
0.12,75.37,24.343
0.07,74.15,24.346
0.08,75.24,24.347
0.05,73.31,24.352
-0.07,71.73,24.347
-0.13,71.23,24.35
0.02,72.09,24.348
0.08,72.6,24.347
-0.14,73.89,24.341
0.08,73.59,24.345
-0.04,75.06,24.344
-0.05,75.42,24.344
-0.07500000000000001,75.67500000000001,24.342
-0.1,75.93,24.34
-0.05,74.33,24.342
0.0,75.44,24.347
-0.02,75.1,24.3485
-0.04,74.76,24.35
-0.04,74.07,24.344
0.01,74.71,24.323
0.04,76.49,24.312
-0.01,76.61,24.31
-0.02,78.59,24.307
0.03,77.91,24.307
0.02,77.04,24.307
0.01,75.16,24.303
0.08,75.77,24.295
0.03,75.14,24.291
-0.07,75.09,24.283
0.1,75.32,24.28
-0.07,76.44,24.281
0.07,76.18,24.282
0.07,76.31,24.281
-0.05,76.16,24.285
0.0,76.54,24.286
0.05,76.33,24.29
0.01,76.87,24.283
0.01,76.26,24.281
-0.02,76.79,24.281
0.08,77.73,24.279
0.01,78.37,24.281
-0.01,77.98,24.277
0.01,77.65,24.278
-0.02,78.01,24.279
0.09,78.75,24.289
-0.01,79.33,24.287
0.05,78.98,24.283
-0.01,78.95,24.286
-0.01,78.7,24.283
-0.04,77.86,24.284
-0.04,77.48,24.278
-0.02,78.72,24.275
-0.01,78.47,24.274
-0.01,78.85,24.272
-0.03,78.49,24.269
0.03,78.01,24.265
-0.01,78.01,24.265
-0.01,78.24,24.268
0.03,79.2,24.268
0.0,79.08,24.264
-0.01,79.46,24.265
0.01,79.79,24.268
0.01,79.23,24.275
0.01,79.46000000000001,24.2715
0.01,79.69,24.268
-0.01,79.86,24.264
-0.01,80.12,24.263
0.04,80.65,24.264
0.0,80.35,24.26
-0.01,80.4,24.257
0.01,80.6,24.258000000000003
0.03,80.8,24.259
-0.02,80.35,24.262
0.01,80.75,24.265
0.04,81.03,24.263
0.025,80.98,24.2585
0.01,80.93,24.254
-0.01,80.78,24.255
-0.03,80.58,24.256
0.01,80.88,24.253
0.04,81.03,24.249
-0.02,80.65,24.243
-0.01,80.09,24.242
0.03,81.67,24.245
0.0,80.83,24.245
-0.02,80.63,24.242
-0.02,79.86,24.24
-0.01,79.36,24.236
-0.01,79.69,24.233
0.01,79.71,24.23
0.04,80.35,24.229
0.0,79.99,24.229
-0.04,79.61,24.227
-0.03,78.59,24.226
-0.04,78.24,24.226
0.01,78.47,24.225
0.02,78.26,24.227
0.02,78.67,24.226
0.02,78.7,24.225
0.04,78.95,24.224
0.04,79.2,24.224
-0.04,79.56,24.222
-0.08,79.26,24.218
-0.02,78.14,24.22
0.13,77.68,24.222
0.0,78.42,24.224
-0.05,77.2,24.225
-0.02,77.22,24.227
-0.07,77.25,24.23
-0.02,78.72,24.23
-0.07,78.47,24.228
-0.07,77.2,24.23
-0.045000000000000005,77.44,24.238
-0.02,77.68,24.246
-0.01,77.27,24.246
-0.01,78.72,24.251
0.02,79.13,24.256
-0.02,79.33,24.262
0.01,79.56,24.265
-0.04,78.8,24.272
-0.02,80.91,24.275
0.02,81.26,24.276
0.02,80.55,24.284
-0.03,79.76,24.288
0.02,78.26,24.295
-0.05,77.45,24.297
0.01,78.34,24.297
0.02,78.39,24.308
-0.05,77.91,24.311
0.05,78.67,24.317
0.1,79.13,24.316
0.12,79.89,24.331
0.035,80.245,24.341
-0.05,80.6,24.351
0.01,80.53,24.362
0.06,79.97,24.373
0.08,80.02,24.386
0.01,80.75,24.394
-0.05,80.68,24.403
-0.07,80.93,24.411
0.02,81.77,24.424
0.03,81.47,24.431
-0.03,81.03,24.44
-0.02,79.74,24.451
-0.01,79.46,24.46
-0.08,78.87,24.466
0.02,79.43,24.467
0.005000000000000001,79.315,24.4615
-0.01,79.2,24.456
0.11,79.53,24.464
0.035,79.28999999999999,24.4665
-0.04,79.05,24.469
0.03,79.05,24.464
-0.04,79.23,24.465
-0.07,79.03,24.463
-0.04,78.59,24.463
-0.05,79.51,24.471
0.0,82.02,24.472
0.01,80.96,24.462
-0.01,79.99,24.444
-0.01,79.18,24.45
0.06,79.38,24.458
-0.03,79.36,24.457
-0.01,79.76,24.45
0.0,79.26,24.439
0.03,79.76,24.421
0.01,79.26,24.408
-0.01,79.56,24.406
0.02,80.37,24.406
0.03,80.17,24.398
0.07,79.66,24.391
0.02,79.86,24.377
0.0,79.66,24.367
0.01,80.45,24.36
0.07,80.45,24.355
0.01,81.39,24.353
0.05,81.87,24.35
0.02,82.23,24.348
0.02,82.1,24.345
0.01,80.96,24.348
-0.01,80.8,24.349
0.04,81.77,24.348
0.03,81.87,24.343
-0.03,81.85,24.338
-0.01,80.7,24.332
-0.01,80.47,24.324
0.02,81.06,24.321
0.03,81.36,24.318
-0.02,81.24,24.318
0.04,81.41,24.315
-0.01,81.11,24.311
-0.01,81.31,24.31
0.01,81.39,24.307
0.02,81.41,24.304
-0.02,81.64,24.302
0.02,81.75,24.298
-0.01,81.49,24.3
-0.02,80.86,24.301
-0.01,80.12,24.294
-0.01,80.32,24.29
-0.01,80.14,24.286
0.06,80.68,24.277
-0.02,80.27,24.273
0.01,82.33,24.269
0.05,82.63,24.264
-0.02,81.19,24.261
0.04,81.87,24.258
0.01,81.49,24.255
-0.01,81.54,24.257
-0.02,81.44,24.25
0.07,81.85,24.253
-0.01,81.54,24.247
-0.04,81.14,24.247
-0.03,81.08,24.246
0.07,81.57,24.245
-0.01,81.31,24.246
-0.02,82.0,24.243
0.04,81.92,24.241
-0.01,81.62,24.244
0.08,81.14,24.242
0.02,80.47,24.239
-0.1,80.04,24.234
0.04,81.01,24.233
-0.03,80.37,24.233
0.14,81.31,24.234
0.01,81.29,24.233
0.07,80.86,24.233
-0.07,79.53,24.231
-0.04,79.97,24.226
0.01,79.56,24.221
-0.1,79.48,24.217
0.03,79.36,24.215
-0.1,79.51,24.211
0.06,80.09,24.206
0.1,81.08,24.203
0.03,81.08,24.2
0.04,81.52,24.198
-0.04,81.44,24.195
-0.11,80.6,24.189
0.13,80.4,24.188
0.02,80.63,24.19
0.07,80.8,24.185
0.02,79.99,24.184
-0.06,80.53,24.181
0.07,79.61,24.18
0.135,78.57,24.177500000000002
0.2,77.53,24.175
0.07,77.68,24.177
0.02,76.97,24.177
-0.08,77.76,24.178
-0.14,77.48,24.18
-0.125,77.43,24.180999999999997
-0.11,77.38,24.182
0.02,77.63,24.181
-0.01,77.48,24.18
0.0,76.71,24.186
0.0,77.04,24.188
0.02,76.89,24.19
0.02,77.78,24.19
-0.05,77.83,24.196
-0.04,77.22,24.204
-0.1,77.02,24.211
-0.02,77.73,24.219
-0.07,76.89,24.224
-0.05,77.02,24.229
0.03,77.96,24.238
0.01,78.29,24.246
-0.03,78.44,24.258
-0.05,77.91,24.261
0.0,79.15,24.261
0.01,78.42,24.267
-0.02,79.53,24.274
-0.03,79.1,24.292
-0.07,79.33,24.309
0.11,79.18,24.311
0.05,78.24,24.327
-0.04,77.55,24.325
-0.03,77.76,24.336
0.01,77.58,24.349
0.02,78.21,24.364
-0.02,78.75,24.364
-0.015,78.925,24.364
-0.01,79.1,24.364
0.05,78.98,24.378
0.02,79.03,24.386
-0.01,77.98,24.39
-0.01,78.34,24.396
0.04,78.11,24.411
0.015,77.60499999999999,24.405
-0.01,77.1,24.399
0.02,77.5,24.403
0.04,78.19,24.404
0.02,78.8,24.402
-0.01,78.82,24.418
-0.01,78.87,24.432
-0.02,79.0,24.429
-0.03,78.87,24.427
-0.09,78.37,24.422
0.05,78.9,24.418
-0.01,78.49,24.414
-0.01,79.0,24.413
-0.01,79.61,24.41
-0.1,78.7,24.403
-0.17,77.78,24.395
0.07,77.91,24.401
-0.02,78.49,24.399
0.0,78.49,24.395
-0.06,77.78,24.389
0.0,77.73,24.378
0.13,78.14,24.374
0.010000000000000009,78.35499999999999,24.3675
-0.11,78.57,24.361
0.02,77.63,24.348
0.05,78.62,24.335
0.02,79.0,24.328
0.05,78.59,24.329
-0.07,79.66,24.324
-0.02,78.72,24.326
-0.02,78.16,24.326
0.01,78.52,24.325
-0.08,77.91,24.325
-0.02,76.99,24.327
0.02,77.68,24.325
0.07,78.49,24.322
-0.02,79.15,24.318
-0.02,79.08,24.311
0.0,78.19,24.307
-0.04,78.11,24.301
0.02,78.37,24.299
0.0,79.0,24.297
0.02,78.59,24.298
0.0,78.92,24.301
-0.04,78.87,24.301
0.0,79.0,24.3
0.02,79.94,24.3
0.01,80.25,24.297
0.0,80.55,24.295
0.01,81.01,24.292
-0.01,80.96,24.293
0.02,80.78,24.293
0.07,81.24,24.29
-0.01,80.83,24.295
0.01,80.91,24.291
0.02,83.73,24.29
0.01,82.76,24.285
0.08,82.08,24.284
-0.07,81.36,24.285
0.06,81.41,24.281
0.05,81.72,24.279
0.01,80.91,24.277
-0.1,80.5,24.277
-0.04,80.6,24.274
0.05,80.58,24.271
-0.01,80.83,24.27
0.05,80.65,24.27
0.02,81.01,24.27
-0.07,81.06,24.266
0.04,81.44,24.269
-0.04,81.21,24.27
0.02,81.39,24.272
0.035,81.465,24.272
0.05,81.54,24.272
0.05,81.64,24.268
-0.04,80.98,24.267
0.08,81.06,24.265
0.01,81.16,24.266
-0.03,81.26,24.265
0.020000000000000004,81.03,24.264000000000003
0.07,80.8,24.263
0.07,81.19,24.262
0.07,80.86,24.263
0.04,80.86,24.264
-0.01,80.7,24.262
-0.01,81.03,24.26
0.020000000000000004,81.25999999999999,24.2585
0.05,81.49,24.257
-0.01,80.78,24.258
-0.05,81.08,24.257
0.05,81.67,24.259
0.04,81.59,24.256
-0.03,81.11,24.254
0.01,80.93,24.252
0.0,81.01,24.252
-0.01,81.03,24.252
-0.19,80.09,24.251
-0.02,79.76,24.25
0.16,79.66,24.252
-0.13,79.59,24.252
-0.16,78.95,24.252
-0.05,78.8,24.252
-0.09,77.96,24.253
-0.08,77.02,24.255
0.0,76.77,24.256
0.04,78.82,24.255
-0.08,78.19,24.256
-0.08,78.06,24.257
-0.02,77.98,24.264
-0.08,78.75,24.265
-0.1,78.98,24.265
-0.05,78.47,24.271
-0.03,78.9,24.278
-0.02,79.04,24.2845
-0.01,79.18,24.291
-0.07,78.95,24.298
-0.04,78.77,24.306
-0.03,78.92,24.321
-0.01,79.05,24.331
-0.01,79.05,24.347
0.01,78.42,24.371
0.08,79.05,24.385
0.02,78.39,24.395
0.19,79.18,24.406
0.08,79.38,24.417
-0.14,80.07,24.423
-0.04,79.99,24.435
-0.02,78.57,24.441
0.16,79.2,24.438
-0.07,78.11,24.434
0.07,78.49,24.433
0.07,78.24,24.442
0.09,78.77,24.452
-0.01,79.28,24.459
0.13,79.1,24.466
-0.05,79.2,24.478
-0.16,78.95,24.484
-0.02,79.33,24.483
0.0,79.28,24.499
-0.01,79.69,24.489
-0.23,80.02,24.477
-0.065,80.055,24.4795
0.1,80.09,24.482
-0.13,80.58,24.492
0.02,81.01,24.491
-0.25,81.26,24.482
-0.02,81.47,24.486
0.06,80.93,24.484
-0.05,79.89,24.467
-0.09,78.72,24.455
-0.05,78.8,24.45
-0.01,79.18,24.451
0.11,78.39,24.462
0.01,78.49,24.463
0.11,78.57,24.456
-0.07,79.23,24.46
0.04,78.59,24.464
0.0,78.82,24.458
-0.07,79.15,24.449
-0.03,79.46,24.444
-0.01,79.05,24.435
-0.17,78.49,24.431
-0.24,78.42,24.427
-0.09,77.93,24.42
-0.03,79.61,24.423
-0.01,84.87,24.424
-0.05,84.46,24.418
0.02,83.78,24.409
0.01,81.77,24.4
-0.02,80.32,24.394
0.08,79.61,24.385
0.15,79.15,24.378
0.05,78.72,24.376
-0.07,77.93,24.379
0.02,78.92,24.378
-0.01,79.36,24.377
0.01,79.15,24.374
0.01,78.21,24.366
0.07,78.75,24.36
0.21,79.59,24.357
-0.01,80.12,24.355
-0.13,77.2,24.354
-0.03,77.04,24.35
-0.02,76.38,24.349
-0.03,77.32,24.348
-0.01,77.15,24.347
0.04,75.75,24.344
0.04,76.59,24.339
-0.04,76.49,24.336
-0.05,76.69,24.332
0.05,77.48,24.333
-0.04,76.87,24.336
-0.06,76.79,24.339
-0.07,76.71,24.339
0.11,76.99,24.337
-0.01,76.66,24.335
0.02,77.55,24.335
0.04,76.28,24.336
-0.08,77.02,24.338
0.11,77.55,24.341
0.07,77.86,24.339
-0.05,77.17,24.338
-0.01,77.68,24.335
0.02,76.97,24.336
0.01,77.65,24.339
-0.004999999999999999,77.41,24.342
-0.02,77.17,24.345
-0.05,77.32,24.346
-0.07,79.92,24.344
-0.04,79.51,24.345
0.01,78.72,24.345
-0.02,79.31,24.346
0.08,77.88,24.35
-0.05,78.47,24.354
-0.12,78.21,24.36
0.01,79.26,24.363
-0.034999999999999996,79.575,24.369
-0.08,79.89,24.375
0.04,78.37,24.379
0.14,79.41,24.381
0.095,79.195,24.383000000000003
0.05,78.98,24.385
0.03,79.15,24.383
0.02,79.315,24.384
0.01,79.48,24.385
0.02,80.35,24.387
-0.07,79.15,24.387
-0.01,79.64,24.387
0.11,80.7,24.388
0.01,80.04,24.388
0.04,79.71,24.389
-0.11,80.27,24.388
-0.23,80.53,24.386
-0.11,80.27,24.388
-0.05,79.43,24.39
0.0,79.31,24.391
0.04,79.53,24.39
0.01,79.08,24.39
0.16,79.13,24.39
0.61,78.7,24.393
0.08,78.24,24.396
-0.03499999999999999,78.58,24.3965
-0.15,78.92,24.397
-0.05,78.04,24.396
-0.02,78.24,24.398
0.16,78.42,24.401
0.02,78.49,24.402
-0.08,79.05,24.403
-0.01,78.09,24.404
0.03,78.87,24.404
-0.04,78.32,24.407
0.0,76.54,24.409
-0.1,76.71,24.411
-0.08,78.82,24.413
-0.08,79.69,24.413
-0.03,78.87,24.417
-0.07,79.2,24.418
0.01,79.56,24.418
0.02,79.79,24.42
0.03,79.2,24.42
0.01,81.08,24.422
-0.03,81.9,24.426
-0.08,80.83,24.429
-0.11,78.34,24.433
-0.1,78.62,24.438
0.01,78.75,24.446
0.005,79.08,24.453000000000003
0.0,79.41,24.46
0.04,79.1,24.463
-0.04,77.58,24.463
0.05,77.35,24.472
-0.01,77.81,24.473
-0.02,77.71,24.479
-0.09,75.5,24.484
0.05,75.5,24.487
-0.05,74.48,24.491
-0.16,74.22,24.496
-0.26,74.05,24.504
0.05,74.86,24.507
0.14,76.97,24.51
0.04,76.0,24.531
0.05,73.87,24.536
-0.05,74.12,24.537
-0.06,74.83,24.538
-0.04,74.61,24.54
0.06,73.51,24.539
0.04,71.91,24.539
-0.08,72.01,24.54
0.14,72.5,24.542
0.03,74.22,24.541
-0.06,76.18,24.541
-0.19,73.79,24.543
-0.08,73.13,24.546
0.02,73.89,24.55
-0.03,73.13,24.556
0.03,73.59,24.56
0.06,74.71,24.566
0.01,74.81,24.568
-0.02,75.14,24.57
-0.08,72.52,24.571
-0.14,71.4,24.572
0.05,72.04,24.573
-0.08,73.16,24.574
-0.11,73.79,24.574
-0.01,72.7,24.576
-0.11,73.11,24.575
0.06,72.93,24.576
0.04,72.07,24.577
0.08,73.18,24.575
0.08,73.51,24.57
0.07,74.48,24.569
0.03,74.58,24.566
0.06,75.65,24.562
0.05333333333333333,76.15,24.559
0.04666666666666667,76.65,24.556
0.04,77.15,24.553
-0.03,77.6,24.549
-0.03,77.2,24.547
0.1,78.14,24.545
0.04,77.43,24.543
0.03,78.7,24.54
0.0,78.26,24.535
-0.08,79.15,24.523
0.01,79.89,24.509
0.11,79.43,24.499
-0.02,79.56,24.491
-0.15,79.15,24.483
-0.14,78.95,24.471
0.0,79.23,24.463
-0.02,79.43,24.458
-0.02,78.57,24.455
0.09,79.69,24.458
-0.01,79.03,24.463
0.03,79.69,24.463
0.08,79.0,24.463
0.06,79.18,24.463
-0.11,79.51,24.462
-0.05,79.05,24.459
0.03,79.41,24.458
0.04,79.83,24.450499999999998
0.05,80.25,24.443
0.04,80.3,24.426
-0.09,81.06,24.411
-0.02,81.41,24.394
0.0,80.65,24.38
-0.04,80.2,24.368
-0.015,80.17,24.362499999999997
0.01,80.14,24.357
0.06,79.03,24.361
0.02,78.77,24.367
0.13,79.38,24.372
0.04,78.37,24.375
-0.13,78.57,24.377
0.03,79.38,24.377
0.09,79.2,24.376
0.01,80.3,24.38
0.01,79.81,24.382
-0.01,79.53,24.379
-0.04,78.8,24.372
-0.06,79.08,24.364
-0.02,79.81,24.354
0.02,79.38,24.346
0.01,80.22,24.341
0.0,80.35,24.345
0.025,80.04499999999999,24.351
0.05,79.74,24.357
0.01,80.83,24.361
0.03,81.03,24.359
0.0,80.86,24.352
-0.04,78.85,24.347
-0.04,79.2,24.341
-0.01,78.19,24.337
0.01,79.61,24.334
0.02,79.33,24.332
0.03,79.43,24.332
0.0049999999999999975,79.47,24.329
-0.02,79.51,24.326
0.01,79.28,24.321
0.01,78.75,24.316
0.02,79.18,24.313
0.01,80.53,24.313
0.03,79.94,24.312
0.06,80.6,24.311
0.02,80.98,24.309
-0.01,81.64,24.306
0.0,80.74000000000001,24.3015
0.01,79.84,24.297
-0.04,77.93,24.296
0.01,77.38,24.294
0.12,77.02,24.293
-0.04,77.83,24.292
-0.05,77.53,24.292
-0.045,77.655,24.297
-0.04,77.78,24.302
-0.08,77.45,24.313
-0.01,77.58,24.323
-0.07,77.32,24.332
-0.02,77.22,24.342
-0.035,78.035,24.3505
-0.05,78.85,24.359
0.03,79.41,24.373
-0.04,78.75,24.381
-0.04,78.06,24.387
-0.12,78.44,24.383
0.0,79.0,24.374
0.06,79.05,24.362
0.07,79.36,24.374
-0.07,79.13,24.389
0.01,78.9,24.4
0.045000000000000005,78.85,24.412
0.08,78.8,24.424
0.07,78.39,24.436
-0.13,78.72,24.442
0.020000000000000018,79.18,24.444000000000003
0.17,79.64,24.446
0.02,80.35,24.449
-0.01,79.66,24.466
-0.08,80.09,24.484
-0.13,80.55,24.503
-0.04,80.73,24.506
-0.04,80.47,24.504
0.04,80.35,24.515
-0.14,80.93,24.522
0.02,81.06,24.531
0.01,80.55,24.545
0.01,80.91,24.548
0.05,80.7,24.552
0.11,81.39,24.558
0.16,81.24,24.568
0.07,81.47,24.567
0.0,80.93,24.571
-0.13,81.26,24.57
0.07,80.35,24.574
0.16,80.7,24.576
-0.04,80.83,24.58
-0.04,79.74,24.583
-0.1,80.91,24.585
0.02,81.67,24.589
-0.05,81.29,24.587
-0.12,81.06,24.582
-0.11,81.26,24.573
-0.05,81.01,24.564
-0.045,80.89500000000001,24.555500000000002
-0.04,80.78,24.547
0.11,81.14,24.54
0.09,81.43,24.5385
0.07,81.72,24.537
0.04,82.05,24.533
-0.02,82.86,24.535
0.02,82.18,24.539
0.04,81.95,24.54
0.18,81.75,24.541
0.13,82.15,24.549
0.02,82.56,24.556
-0.07,81.87,24.552
-0.02,80.47,24.541
0.07,80.09,24.537
0.05,79.81,24.539
0.02,79.89,24.541
0.01,80.2,24.531
0.0,80.02,24.511
-0.01,79.74,24.508
0.01,80.78,24.525
0.0,80.27,24.539
0.01,80.07,24.541
-0.01,79.43,24.533
-0.02,79.38,24.52
-0.04,79.79,24.512
0.05,79.71,24.515
0.01,80.27,24.521
0.05,80.65,24.522
0.0,80.65,24.52
0.01,80.88,24.512
0.01,81.29,24.515
0.02,81.44,24.521
0.08,81.87,24.532
0.03,82.2,24.544
0.02,82.15,24.549
0.01,81.9,24.548
0.01,81.75,24.547
0.0,81.01,24.547
0.0,80.63,24.543
-0.01,80.98,24.538
0.01,81.49,24.539
0.02,81.9,24.547
0.02,82.13,24.553
-0.05,81.8,24.545
-0.04,82.74,24.546
0.08,82.2,24.547
0.06,81.97,24.552
0.01,81.75,24.55
-0.02,81.59,24.55
0.01,82.25,24.551
0.02,81.67,24.558
-0.02,81.9,24.563
-0.03,81.92,24.556
0.0,82.08,24.556
-0.02,81.26,24.555
-0.01,81.54,24.551
-0.02,81.34,24.547
-0.01,82.08,24.547
0.02,82.2,24.55
0.0,81.82,24.552
-0.02,81.59,24.553
-0.02,81.24,24.557
-0.02,81.75,24.56
0.01,82.2,24.559
-0.06,82.53,24.557
0.0,82.15,24.551
0.03,81.72,24.546
-0.02,81.36,24.546
-0.04,82.02,24.547
-0.05,82.3,24.547
0.07,83.07,24.546
0.04,82.35,24.544
-0.04,81.77,24.539
0.02,81.59,24.538
-0.04,80.83,24.534
0.0,81.75,24.535
0.01,81.9,24.535
0.01,82.0,24.536
0.01,81.24,24.533
0.0,81.34,24.528
-0.01,81.31,24.524
0.02,81.69,24.522
0.02,81.72,24.525
0.02,82.2,24.533
0.01,81.67,24.532
0.07,81.21,24.53
0.01,81.34,24.527
-0.14,79.2,24.524
-0.1,78.52,24.521
0.02,79.23,24.52
0.04,79.51,24.519
0.010000000000000002,79.67500000000001,24.5225
-0.02,79.84,24.526
-0.13,79.2,24.525
-0.04,79.08,24.528
-0.08,79.41,24.537
0.08,79.31,24.538
-0.1,79.2,24.535
-0.07,79.33,24.539
-0.11,79.81,24.541
-0.01,80.53,24.546
-0.03,81.06,24.552
-0.07,81.24,24.554
-0.02,82.35,24.557
-0.005000000000000001,82.215,24.560499999999998
0.01,82.08,24.564
-0.04,82.51,24.568
0.0,81.85,24.574
0.0,81.31,24.574
0.01,81.75,24.573
-0.04,81.75,24.575
-0.07,81.21,24.573
0.07,82.81,24.572
-0.01,82.51,24.572
0.05,82.48,24.572
0.04,83.04,24.567
-0.02,82.33,24.565
-0.03,82.2,24.567
-0.01,81.9,24.571
0.04,81.77,24.575
-0.08,80.8,24.573
-0.01,81.52,24.571
-0.06,80.47,24.562
0.08,82.2,24.565
0.02,83.12,24.575
0.05,81.14,24.578
0.05,83.83,24.575
0.13,83.04,24.58
0.02,82.79,24.583
0.03,83.42,24.578
0.08,83.37,24.567
0.05,82.69,24.577
0.0,82.84,24.582
0.03,82.79,24.573
-0.02,83.12,24.576
-0.01,83.19,24.579
-0.17,82.84,24.578
0.07,83.63,24.565
0.09,83.29,24.575
0.01,83.02,24.572
0.02,83.14,24.576
-0.07,83.04,24.573
-0.07,83.22,24.567
0.01,82.99,24.56
-0.14,82.99,24.559
-0.11,82.48,24.556
-0.04,82.74,24.559
0.01,82.63,24.566
0.1,82.96,24.561
0.19,82.33,24.558
0.04,82.63,24.55
0.11,82.38,24.542
0.03,81.92,24.538
0.0,82.08,24.536
-0.04,83.09,24.533
0.019999999999999997,82.80000000000001,24.531
0.08,82.51,24.529
0.045,82.61,24.5255
0.01,82.71,24.522
0.04,82.48,24.516
0.09,82.3,24.514
-0.01,82.15,24.515
0.02,81.72,24.513
-0.05,82.1,24.514
-0.02,82.08,24.514
0.07,82.61,24.511
0.01,82.53,24.513
0.01,82.94,24.508
0.01,83.37,24.499
0.0,83.37,24.495
0.06,82.96,24.488
0.0,83.52,24.483
0.01,82.94,24.482
0.02,83.17,24.48
0.01,83.42,24.481
-0.03,83.35,24.478
0.02,83.5,24.472
0.005000000000000001,83.50999999999999,24.467
-0.01,83.52,24.462
-0.01,83.85,24.459
0.05,83.45,24.453
-0.03,81.8,24.454
-0.05,81.64,24.452
-0.02,81.34,24.451
-0.01,81.16,24.444
-0.05,81.26,24.442
-0.02,80.86,24.438
0.01,81.36,24.437
0.01,81.97,24.44
0.01,81.59,24.44
-0.05,81.08,24.439
0.01,80.83,24.443
-0.02,81.19,24.444
0.05,81.67,24.448
0.01,82.48,24.447
0.01,83.63,24.447
0.02,83.19,24.446
0.01,83.35,24.442
0.01,83.47,24.439
0.02,83.4,24.438
0.005000000000000001,82.74000000000001,24.4285
-0.01,82.08,24.419
-0.05,82.23,24.414
-0.04,81.39,24.416
-0.03,81.92,24.417
0.02,82.2,24.42
0.03,82.33,24.424
-0.01,83.29,24.419
0.02,82.89,24.417
0.04,83.8,24.417
0.01,83.09,24.416
-0.04,82.76,24.414
0.01,82.46,24.415
-0.02,82.81,24.409
0.01,82.56,24.404
-0.01,83.07,24.401
-0.01,82.33,24.403
-0.03,82.15,24.401
0.02,81.97,24.395
-0.02,81.62,24.394
-0.01,82.0,24.392
0.02,81.95,24.392
0.05,82.43,24.386
0.07,81.49,24.385
-0.02,81.49,24.377
-0.07,81.82,24.377
0.0,82.41,24.38
-0.01,81.82,24.385
-0.11,82.25,24.368
-0.08,82.35,24.35
0.04,81.69,24.347
0.03,81.62,24.358
0.07,82.18,24.367
0.04,81.39,24.38
-0.05,80.12,24.384
-0.04,81.03,24.394
-0.0049999999999999975,81.275,24.39
0.03,81.52,24.386
-0.07,80.73,24.374
-0.09,81.06,24.371
-0.22,81.47,24.381
-0.06,80.91,24.385
-0.01,80.58,24.394
-0.02,80.73,24.405
-0.01,79.71,24.412
-0.06,79.89,24.42
0.02,80.7,24.432
-0.02,81.01,24.436
0.01,81.26,24.441
0.01,79.74,24.447
0.01,80.96,24.454
0.02,81.47,24.463
-0.07,81.21,24.482
0.01,81.41,24.488
0.01,81.19,24.496
0.03,81.29,24.495
0.08,80.83,24.504
0.07,81.59,24.509
0.04,81.36,24.511
0.04,81.36,24.522
-0.1,79.59,24.554
0.09,80.35,24.564
0.04,81.11,24.572
0.02,80.68,24.576
-0.12,80.35,24.579
0.08,80.22,24.581
0.03,80.5,24.573
-0.08,80.96,24.559
-0.07,81.21,24.559
0.11,81.41,24.56
0.07,81.82,24.567
0.02,81.75,24.569
0.01,82.79,24.567
0.015,82.52000000000001,24.5685
0.02,82.25,24.57
0.05,82.48,24.568
-0.08,81.97,24.569
-0.07,81.47,24.568
-0.05,80.35,24.567
-0.01,81.49,24.571
0.01,81.62,24.571
-0.08,80.7,24.571
0.07,81.47,24.571
0.07,80.78,24.564
-0.01,80.93,24.552
0.1,80.6,24.542
0.02,81.75,24.543
-0.02,81.75,24.549
-0.11,81.31,24.537
-0.02,81.36,24.522
0.07,82.08,24.509
-0.05,82.0,24.496
0.02,80.78,24.48
0.05,80.14,24.472
-0.05,81.01,24.469
0.02,80.78,24.472
0.0,81.44,24.475
-0.02,80.63,24.481
0.03,80.7,24.488
0.01,79.76,24.493
0.08,80.47,24.496
0.11,79.92,24.503
0.11,80.53,24.5075
0.11,81.14,24.512
0.11,79.84,24.513
-0.09,79.13,24.506
-0.01,79.05,24.495
-0.05,79.23,24.489
-0.08,79.97,24.486
-0.04,80.27,24.485
0.07,80.86,24.487
0.04,81.49,24.485
-0.06,82.51,24.484
0.04,82.84,24.485
-0.03,82.33,24.479
0.13,83.37,24.473
-0.08,83.5,24.472
-0.1,83.27,24.468
-0.03,82.66,24.464
0.04,82.41,24.455
-0.05,82.28,24.451
0.02,82.38,24.451
0.06,82.53,24.466
0.08499999999999999,82.975,24.464
0.11,83.42,24.462
0.04,82.76,24.46
0.03,82.46,24.452
0.02,81.87,24.432
-0.01,81.72,24.41
0.01,81.82,24.399
-0.02,82.33,24.392
0.0,82.15,24.379
0.0,82.84,24.361
0.02,82.86,24.349
-0.04,82.46,24.344
-0.07,82.35,24.346
0.06,82.63,24.351
-0.02,82.48,24.36
0.01,82.53,24.369
-0.09,82.66,24.373
0.13,82.69,24.373
0.02,81.95,24.373
-0.01,81.41,24.372
-0.06,81.72,24.364
-0.16,81.95,24.36
0.07,81.8,24.359
0.11,81.69,24.364
0.02,80.47,24.375
-0.02,80.17,24.369
-0.05,80.27,24.352
0.0,79.69,24.348
-0.05,80.4,24.342
0.01,80.6,24.338
-0.05,80.58,24.327
-0.03,81.92,24.323
-0.08,80.83,24.322
0.04,80.65,24.32
0.02,80.42,24.322
0.02,80.8,24.325
-0.01,80.6,24.324
-0.14,82.41,24.325
0.07,81.9,24.327
0.09,81.97,24.327
0.0,80.88,24.332
-0.05,79.2,24.338
0.11,80.86,24.34
-0.01,82.43,24.344
0.03,83.32,24.351
0.04,80.09,24.354
-0.02,80.47,24.358
-0.1,82.99,24.364
-0.02,82.35,24.37
-0.01,82.48,24.327
0.02,80.37,24.286
-0.11,79.28,24.267
-0.01,79.05,24.266
0.1,79.74,24.274
0.08,80.14,24.28
-0.01,78.01,24.284
-0.04,75.11,24.282
-0.04,76.64,24.284
-0.13,75.14,24.28
-0.06,75.29,24.273
0.06,74.86,24.255
0.01,74.81,24.24
-0.04,74.22,24.221
0.0,72.27,24.191
-0.08,71.66,24.19
-0.1,74.66,24.195
-0.07,73.18,24.211
0.01,74.68,24.22
0.04,74.56,24.224
0.01,75.32,24.228
0.0,74.91,24.216
-0.1,74.4,24.21
-0.13,74.1,24.214
-0.01,74.89,24.216
0.04,75.77,24.211
0.07,75.01,24.209
0.08,75.77,24.206
0.1,75.16,24.236
0.1,75.6,24.26
-0.04,76.54,24.266
0.01,76.31,24.261
-0.01,77.1,24.259
0.049999999999999996,77.49,24.2515
0.11,77.88,24.244
0.02,78.34,24.229
0.04,78.19,24.24
0.08,78.37,24.249
0.1,78.42,24.25
0.1,78.95,24.245
-0.17,79.64,24.224
-0.02,78.75,24.206
0.015000000000000003,79.03,24.2175
0.05,79.31,24.229
-0.02,79.05,24.24
-0.02,79.28,24.254
-0.03,79.36,24.273
-0.16,79.76,24.291
0.01,80.53,24.294
0.02,80.14,24.289
0.035,80.305,24.279
0.05,80.47,24.269
0.03,81.21,24.265
-0.09,80.91,24.262
-0.02,80.07,24.25
0.04,80.02,24.242
0.08,80.2,24.253
0.11,80.42,24.267
0.02,81.01,24.271
0.02,81.01,24.261
-0.03,80.5,24.253
-0.01,81.19,24.248
-0.025,81.025,24.25
-0.04,80.86,24.252
0.02,80.6,24.253
0.01,80.58,24.255
0.03,79.38,24.252
0.02,79.66,24.262
0.02,79.92,24.263
-0.02,78.95,24.257
0.07,80.07,24.251
-0.02,79.61,24.251
-0.02,79.8,24.2495
-0.02,79.99,24.248
-0.01,80.22,24.25
0.05,81.26,24.25
0.02,80.91,24.249
-0.01,79.28,24.247
-0.01,79.59,24.244
-0.03,79.08,24.245
-0.025,81.545,24.245
-0.02,84.01,24.245
-0.02,82.71,24.244
-0.03,81.47999999999999,24.247
-0.04,80.25,24.25
0.05,79.15,24.247
-0.09,78.26,24.244
0.04,77.91,24.244
0.02,78.42,24.239
0.01,79.61,24.234
0.01,79.15,24.229
-0.03,79.05,24.227
-0.01,78.42,24.226
-0.05,78.77,24.223
-0.03,78.34,24.219
0.02,78.65,24.217
0.02,79.86,24.21
0.01,80.2,24.206
0.02,80.04,24.2
0.01,79.08,24.198
-0.08,79.59,24.191
-0.035,79.995,24.188
0.01,80.4,24.185
0.05,79.74,24.188
0.01,78.85,24.189
-0.03,78.7,24.189
-0.05,78.42,24.19
-0.02,77.78,24.187
-0.04,78.44,24.178
-0.05,79.79,24.17
-0.02,79.51,24.165
0.04,79.66,24.165
0.0,80.14,24.164
0.11,79.92,24.164
0.02,78.77,24.161
0.01,79.36,24.153
0.01,80.65,24.147
0.01,81.41,24.14
0.01,81.14,24.14
0.07,80.88,24.136
-0.02,80.07,24.133
-0.04,79.71,24.134
-0.02,79.03,24.139
-0.04,78.7,24.143
0.01,78.67,24.15
0.05,78.75,24.156
-0.02,78.85,24.16
-0.05,79.46,24.16
-0.04,78.14,24.158
0.01,78.24,24.156
0.02,78.06,24.158
0.0,77.86,24.155
-0.04,77.5,24.154
0.01,78.8,24.154
-0.1,77.43,24.154
0.12,77.38,24.158
0.05,77.5,24.162
0.02,78.09,24.164
0.01,77.22,24.162
0.04,77.81,24.162
0.08,77.15,24.16
-0.05,77.38,24.155
-0.04,76.49,24.147
-0.23,76.56,24.141
0.02,77.35,24.142
0.08,77.71,24.149
0.07,78.29,24.156
-0.13,77.55,24.165
0.04,77.68,24.172
-0.07,78.21,24.171
0.07,79.74,24.167
-0.1,79.71,24.163
0.02,79.76,24.163
-0.01,80.22,24.17
-0.03,79.255,24.173000000000002
-0.05,78.29,24.176
0.04,78.57,24.175
-0.02,78.65,24.172
0.14,78.49,24.169
-0.13,78.7,24.167
-0.14,78.72,24.169
-0.03,78.26,24.173
-0.01,77.78,24.185
-0.01,77.81,24.184
0.02,76.71,24.179
0.01,77.55,24.176
0.02,78.85,24.172
0.03,79.51,24.179
-0.02,77.78,24.191
-0.05,77.02,24.186
0.01,77.78,24.186
-0.020000000000000004,76.94,24.183999999999997
-0.05,76.1,24.182
-0.09,76.84,24.185
0.01,78.7,24.194
0.02,78.65,24.2
-0.02,77.83,24.205
-0.03,76.84,24.206
-0.03,74.89,24.208
-0.05,75.57,24.212
0.04,76.21,24.211
-0.02,75.77,24.211
0.0,75.83,24.215
0.01,75.19,24.219
-0.01,75.14,24.214
0.04,75.19,24.209
0.01,76.46,24.198
0.03,76.56,24.186
0.05,76.66,24.174
0.11,76.21,24.168
0.03,76.71,24.167
-0.04,77.3,24.167
0.01,77.5,24.158
0.02,78.32,24.147
0.005000000000000001,78.395,24.14
-0.01,78.47,24.133
0.06,78.19,24.13
0.02,78.77,24.133
-0.03,78.77,24.138
-0.11,76.99,24.142
0.12,76.82,24.142
0.14,76.03,24.14
0.01,77.1,24.135
-0.01,77.2,24.126
-0.1,76.0,24.11
-0.06,75.9,24.091
-0.02,76.92,24.088
-0.01,75.93,24.09
-0.08,76.82,24.095
0.04,77.1,24.099
0.06,76.69,24.096
0.0,77.93,24.09
0.03,78.14,24.077
0.11,78.16,24.062
-0.05,77.81,24.058
-0.01,78.32,24.057
0.09,78.39,24.054
-0.01,78.7,24.051
0.08,77.53,24.044
0.07,78.75,24.042
-0.07,79.94,24.045
-0.01,78.85,24.044
-0.02,78.67,24.041
0.0,79.51,24.039
-0.08,80.04,24.038
0.01,79.48,24.034
0.03,78.72,24.033
-0.02,77.73,24.033
0.07,78.42,24.033
0.05,77.4,24.025
-0.1,76.74,24.017
-0.08,78.44,23.997
0.04,79.41,23.954
0.07,80.83,23.934
-0.03,78.98,23.924
-0.04,79.69,23.918
-0.05,78.59,23.91
0.07,78.04,23.895
0.11,79.28,23.889
-0.09,79.81,23.891
0.11,80.32,23.902
0.08,79.71,23.917
0.05,80.07,23.919
-0.01,80.83,23.918
-0.02,80.07,23.921
0.0,80.47,23.932
0.05,80.5,23.942
0.02,80.58,23.948
-0.035,80.425,23.953
-0.09,80.27,23.958
-0.05,79.51,23.961
0.05,78.19,23.952
-0.02,79.51,23.927
0.11,79.64,23.9
0.02,79.43,23.894
-0.07,80.14,23.859
-0.07,80.3,23.837
0.07,81.03,23.824
0.04,80.7,23.813
-0.05,79.28,23.797
0.04,78.72,23.787
-0.27,76.97,23.79
-0.08,74.33,23.794
0.18,73.39,23.811
0.01,71.96,23.826
0.05,72.57,23.833
-0.05,72.32,23.834
-0.13,73.67,23.833
-0.07,74.4,23.834
-0.08,73.06,23.838
-0.12,75.09,23.843
-0.03,76.51,23.845
-0.01,71.56,23.786
-0.03,70.26,23.775
-0.1,70.19,23.772
-0.26,70.49,23.769
-0.07,72.17,23.77
-0.22,71.53,23.774
-0.02,72.12,23.779
-0.04,72.04,23.782
-0.04,72.01,23.786
0.01,72.37,23.793
0.04,73.06,23.8
0.01,73.28,23.808
0.05,74.0,23.813
-0.04,72.62,23.819
-0.02,73.39,23.823
-0.05,73.03,23.827
0.09,73.21,23.844
0.05,73.41,23.853
0.02,72.98,23.861
0.05,72.09,23.871
0.02,71.3,23.883
0.04,72.29,23.892
0.07,72.85,23.898
0.0,74.12,23.897
-0.1,73.92,23.9
0.01,74.99,23.902
0.03,74.28,23.9
0.03,74.78,23.901
-0.01,75.01,23.903
0.07,75.29,23.901
-0.02,74.2,23.895
0.04,73.87,23.916
0.06,73.36,23.928
0.02,73.92,23.941
0.02,73.89,23.952
0.04,74.22,23.949
-0.02,75.22,23.95
0.03,74.76,23.956
0.0,75.42,23.975
-0.02,74.96,23.991
-0.02,74.66,24.003
0.01,75.06,24.025
-0.03,75.95,24.034
0.13,76.28,24.037
0.11,75.7,24.039
0.07,76.31,24.037
0.05,75.62,24.031
-0.03,74.83,24.034
-0.05,75.04,24.041
-0.02,75.32,24.041
-0.04,75.16,24.035
-0.04,75.8,24.021
-0.13,75.8,24.015
0.22,77.76,24.039
-0.05,77.91,24.036
0.09,77.3,24.028
-0.1,77.73,24.021
-0.01,77.78,24.012
-0.09,77.81,24.016
-0.02,78.09,24.013
0.05,78.87,24.003
0.04,79.13,24.022
-0.08,79.28,24.043
-0.12,79.56,24.039
-0.02,80.25,24.028
-0.16,80.6,24.018
-0.07,80.8,24.011
-0.04,80.88,24.005
-0.01,80.65,23.993
0.01,80.96,23.982
-0.21,81.03,23.972
0.02,81.11,23.966
-0.05,81.36,23.96
-0.08,81.41,23.956
-0.11,81.64,23.952
-0.17,81.85,23.955
-0.94,81.75,23.954
-1.07,81.41,23.952
-0.23,81.59,23.949
-0.01,81.57,23.945
-0.01,81.695,23.954
-0.01,81.82,23.963
0.0,82.255,23.97
0.01,82.69,23.977
0.0,82.66,23.979
0.01,82.63,23.979
0.05,82.91,23.977
0.02,82.74,23.972
-0.01,81.8,23.969
0.020000000000000004,81.745,23.976
0.05,81.69,23.983
-0.04,81.95,23.987
-0.11,81.8,23.988
-0.18,82.05,23.986
-0.05,82.41,23.984
-0.06,81.82,23.98
-0.03,82.0,23.977
0.03,82.53,23.975
0.02,83.17,23.974
-0.01,83.47,23.97
0.01,83.6,23.969
0.01,83.35,23.966
0.05,83.47,23.962
0.02,83.50999999999999,23.963
-0.01,83.55,23.964
-0.01,83.57,23.963
-0.05,84.46,23.962
-0.03666666666666667,84.47666666666666,23.959666666666667
-0.023333333333333334,84.49333333333334,23.95733333333333
-0.01,84.51,23.955
0.04,84.64,23.953
0.02,84.77000000000001,23.9495
0.0,84.9,23.946
-0.01,85.28,23.945
-0.01,84.92,23.945
0.01,85.02,23.945
0.0,85.3,23.944
0.04,85.43,23.943
-0.04,85.02,23.94
0.03,83.78,23.937
-0.13,83.17,23.932
-0.35,83.75,23.927
-0.02,83.65,23.922
-0.01,84.08,23.919
0.0,84.82,23.916
0.01,84.34,23.91
-0.05,84.82,23.9
0.04,85.05,23.894
-0.02,85.35,23.887
-0.01,85.35,23.88
0.01,85.51,23.871
-0.01,85.33,23.863
-0.02,85.38,23.855
0.005000000000000001,85.63499999999999,23.849
0.03,85.89,23.843
-0.01,87.08,23.838
-0.03,86.72,23.834
-0.02,86.93,23.83
-0.01,87.08,23.824
-0.05,86.62,23.819
-0.02,86.19,23.816
0.01,85.25,23.814
-0.04,83.78,23.813
0.04,83.27,23.812
-0.010000000000000002,84.145,23.809
-0.06,85.02,23.806
0.01,84.79,23.803
-0.05,84.9,23.8
-0.07,84.64,23.799
-0.04,84.54,23.799
-0.03,84.41,23.802
-0.03,84.64,23.804
-0.01,84.36,23.804
-0.08,84.34,23.804
-0.16,84.36,23.807
0.08,84.79,23.811
0.06,84.36,23.815
0.04,84.11,23.823
0.08,84.21,23.832
-0.01,84.18,23.843
-0.02,83.7,23.851
-0.05,83.85,23.854
-0.04,83.75,23.86
-0.01,83.88,23.861
0.05,83.4,23.866
0.02,83.73,23.876
-0.08,83.7,23.88
-0.13,84.01,23.89
-0.01,84.16,23.905
0.03,85.02,23.912
0.01,85.17,23.917
-0.04,85.1,23.925
-0.02,85.1,23.938
0.01,85.28,23.951
0.02,85.45,23.956
0.03,85.35,23.963
0.05,85.05,23.968
-0.06,85.56,23.968
-0.06,86.37,23.974
-0.02,86.37,23.975
-0.03,85.81,23.979
-0.01,85.78,23.985
0.01,85.96,23.992
0.0,86.19,23.999
-0.03,85.94,24.014
-0.02,85.53,24.017
0.0,85.86,24.009
0.01,85.86,24.008
0.01,86.01,24.002
0.07,85.56,23.999
-0.04,85.73,23.999
-0.01,85.56,23.997
-0.01,84.49,23.991
-0.03,84.03,23.991
0.04,83.96,23.993
0.0,83.35,23.995
0.0,83.5,23.989
0.0,83.42,23.984
0.0,84.26,23.971
0.0,84.39,23.961
-0.01,84.67,23.957
-0.07,83.78,23.955
-0.07,84.08,23.948
-0.04,84.59,23.94
-0.04,84.51,23.941
-0.01,84.77,23.938
0.0,85.28,23.933
0.05,85.81,23.933
0.04,85.78,23.931
0.03,85.61,23.927
0.04,85.15,23.923
0.05,85.17,23.923
0.02,84.13,23.923
0.015,84.03,23.9225
0.01,83.93,23.922
0.01,84.72,23.916
0.0,84.74,23.903
0.0,83.9,23.894
0.0,84.11,23.89
0.09,84.82,23.89
0.06,85.07,23.89
0.06,85.07,23.891
0.1,85.56,23.886
0.07,85.43,23.885
0.02,85.84,23.885
-0.04,86.14,23.883
0.05,86.39,23.887
-0.02,85.58,23.888
0.015000000000000003,86.1,23.890500000000003
0.05,86.62,23.893
0.06,86.83,23.903
0.08,87.44,23.91
0.01,87.05,23.917
0.0,87.21,23.926
0.0,87.28,23.934
-0.02,87.39,23.94
0.02,87.46,23.945
-0.01,87.46,23.957
-0.03,87.28,23.971
-0.02,87.49,23.984
0.01,87.84,23.992
0.02,88.3,23.995
0.01,88.05,23.987
0.0,88.15,23.977
0.0,88.43,23.968
0.02,88.33,23.961
0.0,88.55,23.952
-0.01,88.53,23.941
0.01,88.2,23.936
-0.01,88.12,23.929
0.01,88.55,23.927
0.02,88.58,23.925
-0.01,88.48,23.927
0.01,88.99,23.927
0.01,88.83,23.938
0.02,88.91,23.952
0.02,88.53,23.965
0.0,88.15,23.969
-0.01,88.22,23.955
0.01,88.38,23.946
0.01,87.92,23.939
0.0,87.56,23.939
-0.02,87.11,23.94
-0.01,86.8,23.942
0.0,87.26,23.943
0.01,87.39,23.941
0.0,86.95,23.935
-0.02,86.8,23.926
0.01,87.0,23.914
0.0,86.98,23.913
-0.01,86.83,23.913
-0.01,86.8,23.907
-0.01,86.24,23.901
-0.01,86.14,23.895
-0.05,86.45,23.892
-0.01,85.89,23.89
-0.03,85.43,23.891
-0.01,85.33,23.896
-0.01,84.84,23.898
-0.02,85.0,23.896
-0.02,84.84,23.893
-0.05,83.55,23.889
-0.02,83.68,23.882
-0.02,82.81,23.876
-0.05,82.48,23.868
-0.01,82.18,23.86
-0.04,81.64,23.855
-0.05,79.86,23.854
-0.07,80.04,23.852
0.02,81.54,23.853
0.02,82.23,23.852
-0.03,80.35,23.85
-0.13,79.13,23.847
-0.03,79.36,23.843
-0.02,79.71,23.818
-0.07,78.59,23.813
-0.11,77.78,23.809
-0.05,77.91,23.807
0.05,80.07,23.84
0.01,79.64,23.869
-0.05,79.92,23.888
-0.01,80.63,23.902
0.04,81.8,23.911
0.02,82.15,23.92
-0.03,81.21,23.927
-0.02,81.01,23.939
0.02,81.03,23.949
-0.02,81.69,23.955
-0.04,81.75,23.965
0.01,82.28,23.967
0.02,82.35,23.968
0.03,82.66,23.972
0.04,83.09,23.985
0.01,82.96,23.989
0.07,83.24,24.0
0.05,83.02,24.002
-0.01,83.27,24.009
0.02,83.47,24.015
0.02,84.31,24.018
0.02,83.9,24.012
-0.06,83.6,24.008
-0.025,83.65,23.999
0.01,83.7,23.99
-0.01,83.57,23.987
0.07,83.96,23.982
0.01,83.55,23.972
0.01,83.52,23.957
0.01,83.35,23.943
0.04,83.93,23.928
0.09,84.01,23.919
-0.01,84.41,23.914
0.05,85.15,23.906
0.03,85.78,23.9
0.02,85.81,23.893
-0.02,85.33,23.9
-0.06,85.38,23.896
-0.11,84.74,23.888
-0.03,84.95,23.878
-0.01,85.25,23.867
0.01,85.33,23.89
0.01,85.48,23.895
0.0,85.71,23.903
0.0,85.86,23.918
0.0,85.68,23.934
0.0,85.53,23.939
0.01,85.91,23.936
0.06,85.63,23.929
0.03,85.61,23.932
0.04,85.84,23.939
0.02,85.84,23.942
0.05,86.01,23.945
0.01,85.15,23.946
0.01,84.54,23.947
0.01,85.35,23.953
0.03,84.97,23.958
0.0,84.41,23.969
0.005,83.865,23.982
0.01,83.32,23.995
-0.01,83.14,24.0
0.0,83.35,24.002
0.03,84.67,24.0
0.01,84.13,23.998
-0.01,84.69,23.995
-0.01,83.27,23.991
-0.07,81.87,23.987
-0.04,81.29,23.984
0.03,82.13,23.978
0.0,81.21,23.974
0.005,80.995,23.9665
0.01,80.78,23.959
0.04,82.0,23.952
0.01,82.18,23.947
0.02,83.22,23.943
0.02,83.52,23.939
0.01,84.01,23.934
-0.01,83.12,23.929
0.01,83.42,23.924
0.01,83.78,23.919
-0.01,84.01,23.912
0.05,84.87,23.905
0.05,85.71,23.893
0.07,84.9,23.878
0.04,84.31,23.871
0.1,84.69,23.871
0.06,84.18,23.872
-0.04,83.85,23.869
-0.04,84.46,23.857
-0.01,84.77,23.849
0.0,84.87,23.84
-0.02,85.43,23.835
0.04,85.53,23.844
-0.01,84.92,23.856
0.05,85.25,23.863
0.05,85.17,23.877
-0.03,85.33,23.888
-0.02,85.28,23.895
-0.02,85.45,23.897
-0.01,85.51,23.896
-0.02,85.35,23.894
0.02,84.74,23.892
-0.06,84.59,23.891
0.01,85.05,23.891
0.02,84.84,23.895
-0.02,84.54,23.901
0.01,83.78,23.909
-0.01,83.47,23.914
-0.04,82.53,23.911
-0.01,82.84,23.91
0.02,82.66,23.917
-0.02,82.71,23.922
-0.02,82.74,23.929
-0.05,81.44,23.928
-0.04,81.49,23.922
-0.01,81.29,23.922
-0.03,81.16,23.917
0.0,81.8,23.905
0.02,82.53,23.856
-0.03,82.13,23.853
0.0,81.77,23.853
0.01,81.47,23.847
0.01,81.67,23.841
0.005,81.605,23.8395
0.0,81.54,23.838
-0.02,80.93,23.83
-0.01,80.7,23.825
-0.01,81.14,23.815
-0.03,81.57,23.81
-0.05,81.77,23.803
-0.04,81.49,23.795
-0.03,82.0,23.808
-0.01,82.33,23.818
-0.05,82.56,23.828
-0.04,82.15,23.837
-0.04,82.28,23.843
0.02,83.17,23.846
-0.009999999999999998,82.66,23.8475
-0.04,82.15,23.849
0.01,82.25,23.857
0.02,82.43,23.872
0.0,82.81,23.894
0.0,83.07,23.906
0.0,83.17,23.924
0.0,83.27,23.942
0.0,83.98,23.957
-0.01,83.6,23.975
0.01,83.73,23.993
0.0,83.65,24.014
0.0,83.68,24.027
0.0,83.93,24.045
-0.01,83.8,24.058
-0.03,84.01,24.078
0.01,84.16,24.092
-0.01,84.23,24.093
0.0,84.26,24.106
0.01,84.18,24.117
-0.01,84.36,24.128
0.01,84.46,24.14
0.0,84.435,24.1535
-0.01,84.41,24.167
0.01,84.51,24.176
0.01,83.8,24.192
-0.01,84.13,24.191
0.0,85.1,24.192
0.0,84.97,24.195
0.0,85.02,24.201
0.0,84.59,24.204
0.01,84.66499999999999,24.206
0.02,84.74,24.208
0.04,85.1,24.209
0.02,85.15,24.198
0.01,84.44,24.203
-0.02,88.1,24.198
-0.02,89.19,24.213
0.04,88.53,24.217
0.07,87.84,24.226
-0.05,86.42,24.215
-0.04,85.35,24.212
-0.03,85.06,24.1985
-0.02,84.77,24.185
-0.04,84.51,24.167
0.0,84.21,24.162
-0.01,84.21,24.157
-0.02,84.18,24.152
0.01,83.73,24.148
-0.02,83.83,24.139
-0.05,84.08,24.13
-0.01,83.96,24.119
0.02,84.03,24.115
0.05,84.59,24.108
0.02,84.59,24.096
0.0,84.29,24.087
0.01,84.64,24.074
0.05,84.97,24.072
0.08,84.9,24.066
0.07,84.06,24.059
0.02,84.95,24.049
0.13,84.46,24.038
0.0,84.26,24.033
-0.01,84.54,24.028
0.01,84.62,24.016
0.1,84.97,24.009
0.02,85.48,24.004
0.01,85.4,23.998
0.01,85.81,23.993
-0.01,85.48,23.99
-0.02,85.28,23.987
0.01,85.3,23.981
0.01,85.35,23.979
0.04,85.63,23.98
0.04,85.12,23.979
0.02,85.96,23.976
0.02,86.29,23.978
0.02,85.86,23.976
0.07,84.87,23.97
-0.02,84.21,23.963
-0.08,84.23,23.957
-0.01,85.07,23.952
0.0,84.95,23.952
0.01,85.43,23.961
0.04,85.61,23.979
-0.02,85.35,23.993
0.03,85.96,24.0
-0.01,85.38,24.008
-0.02,85.07,24.014
0.0,86.06,24.018
0.01,85.89,24.023
0.0,85.71,24.027
0.02,85.33,24.033
-0.02,85.48,24.033
0.02,85.35,24.033
0.03,85.99,24.039
0.0,85.84,24.045
0.0,85.3,24.049
-0.01,85.38,24.05
-0.015,85.025,24.049500000000002
-0.02,84.67,24.049
-0.04,84.82,24.044
-0.04,84.01,24.04
-0.01,84.31,24.037
-0.01,84.72,24.034
-0.01,84.34,24.032
0.0,84.57,24.03
0.01,84.46,24.029
0.01,85.0,24.027
0.0,84.69,24.025
0.02,85.3,24.021
0.01,85.15,24.016
0.0,85.71,24.01
0.0,85.25,24.006
-0.02,85.07,24.003
0.01,85.48,23.999
0.02,85.15,24.0
-0.01,85.66,23.997
0.01,85.86,23.993
0.01,86.34,23.99
0.01,86.22,23.989
0.01,85.89,23.986
0.01,85.56,23.983
-0.03,85.73,23.981
0.01,85.68,23.98
-0.02,85.0,23.977
-0.02,84.92,23.977
-0.01,84.03,23.978
-0.02,83.07,23.975
0.02,82.02,23.972
-0.02,82.18,23.966
0.01,82.08,23.963
-0.04,81.39,23.962
-0.02,81.14,23.961
0.0,80.96,23.959
-0.02,80.45,23.952
-0.07,80.25,23.945
-0.04,80.3,23.939
-0.07,80.3,23.93
-0.02,80.55,23.905
-0.04,81.21,23.899
0.0,81.39,23.894
-0.03,81.85,23.891
-0.04,81.82,23.889
-0.01,81.85,23.893
0.02,82.41,23.897
0.0,82.02,23.903
0.0,82.02,23.907
0.0,82.71,23.908
0.0,82.48,23.908
0.0,82.43,23.908
-0.02,82.08,23.915
-0.02,82.38,23.916
0.01,82.0,23.922
-0.01,81.82,23.928
-0.03,81.97,23.933
0.01,82.35,23.933
-0.01,82.23,23.945
0.04,82.66,23.953
-0.03,81.9,23.962
-0.04,82.05,23.963
-0.01,82.53,23.968
0.03,82.63,23.973
-0.01,82.2,23.985
-0.01,82.46,24.019
0.0,81.62,24.029
-0.02,81.64,24.033
-0.01,82.1,24.033
0.04,82.46,24.037
0.025,82.52,24.043
0.01,82.58,24.049
0.01,82.99,24.041
-0.01,82.84,24.035
0.0,82.48,24.033
0.01,83.19,24.029
0.0,83.19,24.015
-0.01,82.91,24.012
0.01,82.56,24.001
0.01,82.91,23.988
0.02,82.71,23.981
0.0,83.22,23.966
0.01,82.79,23.968
0.01,82.48,23.955
0.02,82.2,23.952
0.11,82.66,23.948
0.02,83.65,23.947
-0.04,83.96,23.935
-0.01,84.59,23.924
-0.034999999999999996,84.12,23.919
-0.06,83.65,23.914
-0.01,84.23,23.906
-0.11,83.6,23.893
-0.07,83.14,23.88
-0.06,83.37,23.869
-0.01,83.52,23.866
0.04,82.76,23.859
0.06,83.52,23.851
0.06,83.38,23.8435
0.06,83.24,23.836
0.05,83.02,23.83
0.01,83.65,23.823
0.1,84.44,23.817
0.08,84.74,23.808
0.09,83.98,23.799
0.11,84.41,23.795
0.13,84.9,23.789
0.05,84.01,23.78
0.08,84.23,23.773
0.04,83.93,23.766
0.08,84.62,23.763
0.02,83.52,23.758
-0.01,83.07,23.753
0.05,83.4,23.75
0.02,83.57,23.747
0.02,83.57,23.744
0.02,84.21,23.742
0.02,83.85,23.737
0.02,84.06,23.73
0.04,84.69,23.72
-0.07,85.05,23.713
0.0,85.23,23.706
0.07,85.43,23.702
-0.02,85.28,23.695
0.0,85.23,23.688
0.02,85.28,23.681
-0.01,85.91,23.674
-0.05,85.81,23.668
-0.02,85.4,23.66
0.07,85.23,23.653
0.010000000000000002,85.405,23.6445
-0.05,85.58,23.636
-0.01,86.52,23.629
0.06,86.62,23.619
0.02,86.42,23.611
0.04,86.09,23.602
0.010000000000000002,86.23,23.5955
-0.02,86.37,23.589
-0.01,86.19,23.583
0.01,86.06,23.573
0.05,86.06,23.566
-0.04,86.06,23.559
0.05,86.24,23.553
0.09,85.61,23.546
0.04,86.01,23.539
0.02,85.795,23.53
0.0,85.58,23.521
0.01,85.86,23.513
0.02,85.35,23.505
0.01,85.81,23.498
-0.03,85.84,23.489
0.01,85.33,23.48
0.0,84.64,23.472
-0.04,84.74,23.463
0.04,85.12,23.456
0.0,84.97,23.448
0.02,84.59,23.442
-0.08,84.08,23.434
0.04,84.06,23.426
0.01,83.9,23.418
0.01,84.72,23.412
-0.05,84.29,23.403
0.02,84.23,23.396
0.01,84.06,23.389
-0.01,83.68,23.381
0.02,83.63,23.372
0.01,84.74,23.366
0.01,84.23,23.357
-0.02,84.34,23.349
-0.02,83.63,23.343
-0.03,82.74,23.334
-0.03,83.88,23.328
0.01,83.14,23.321
-0.1,82.51,23.317
0.01,83.22,23.308
-0.12,83.14,23.304
-0.01,83.98,23.295
-0.14,82.94,23.291
-0.02,82.53,23.29
-0.01,82.08,23.288
-0.11,82.51,23.285
-0.11,82.61,23.28
-0.04,82.96,23.282
-0.02,83.65,23.279
-0.04,84.01,23.279
-0.06,83.47,23.28
-0.01,83.68,23.279
-0.05,82.86,23.282
-0.01,83.12,23.288
0.0,83.27,23.287
-0.06,82.15,23.296
-0.04,81.36,23.304
0.0,82.13,23.307
-0.05,82.25,23.309
-0.01,82.38,23.312
-0.03,82.48,23.317
0.0,82.05,23.324
0.0,82.15,23.332
0.05,82.89,23.343
0.03,82.86,23.348
-0.04,82.81,23.359
0.04,83.17,23.373
0.07,83.17,23.389
0.05500000000000001,83.32,23.4035
0.04,83.47,23.418
0.05,83.35,23.446
-0.02,83.65,23.475
0.03,83.8,23.494
0.05,83.9,23.509
0.1,83.98,23.513
0.05,83.65,23.542
0.07,83.98,23.56
0.04,84.11,23.586
0.04,84.11,23.597
0.04,83.83,23.611
0.01,83.85,23.637
0.0,83.6,23.647
0.01,83.4,23.671
0.0,83.32,23.681
0.12,83.12,23.687
-0.02,83.45,23.677
0.02,83.4,23.661
0.0,83.42,23.675
0.05,83.93,23.707
0.02,83.75,23.706
-0.07,83.8,23.684
-0.01,84.06,23.653
-0.03,84.06,23.665
-0.05,84.23,23.664
-0.17,84.26,23.668
-0.125,84.11,23.647
-0.08,83.96,23.626
-0.01,83.68,23.62
-0.03,83.96,23.605
0.06,84.34,23.578
0.0,85.1,23.552
0.04,84.34,23.537
-0.06,83.9,23.529
-0.06,84.41,23.506
0.09,85.1,23.494
-0.01,84.21,23.484
-0.08,84.31,23.462
0.01,84.13,23.444
0.01,84.34,23.436
0.01,84.64,23.423
0.02,85.02,23.414
0.02,84.23,23.382
-0.01,84.64,23.372
0.03,84.51,23.375
0.01,83.93,23.374
0.0,83.6,23.363
0.01,83.88,23.349
0.0,83.8,23.344
0.01,84.06,23.335
0.02,83.98,23.328
0.05,84.06,23.324
0.01,83.7,23.315
0.06,84.67,23.309
0.05,84.84,23.295
0.04,84.79,23.285
0.07,84.39,23.276
0.05,85.25,23.276
0.010000000000000002,85.55666666666667,23.272333333333332
-0.03,85.86333333333333,23.268666666666668
-0.07,86.17,23.265
-0.06,86.5,23.252
0.0,86.7,23.24
-0.08,86.9,23.232
-0.13,86.22,23.23
-0.1,86.39,23.227
-0.01,86.39,23.231
0.04,86.47,23.229
-0.04,86.78,23.227
-0.08,86.47,23.229
-0.01,86.65,23.232
-0.02,86.93,23.234
-0.02,86.88,23.237
-0.07,87.05,23.237
-0.07,87.28,23.234
-0.05,86.98,23.226
-0.035,86.94,23.222
-0.02,86.9,23.218
-0.05,87.08,23.214
-0.04,87.23,23.21
-0.03,87.16,23.207
-0.04,87.13,23.206
-0.02,87.31,23.207
-0.01,87.41,23.208
0.05,87.84,23.205
0.01,87.92,23.194
0.01,87.97,23.184
-0.01,88.15,23.182
0.020000000000000004,88.275,23.1785
0.05,88.4,23.175
-0.01,88.3,23.175
0.015000000000000001,88.32499999999999,23.174500000000002
0.04,88.35,23.174
0.02,88.33,23.172
-0.01,88.02,23.172
-0.05,87.77,23.165
-0.01,87.69,23.166
0.01,87.69,23.172
-0.02,87.54,23.165
-0.02,87.66,23.167
-0.01,87.33,23.172
-0.01,86.93,23.174
0.03,87.54,23.175
0.01,87.36,23.171
-0.06,87.54,23.169
0.07,87.46,23.161
0.02,87.31,23.157
-0.05,86.9,23.151
0.04,86.93,23.15
0.065,86.47,23.152
0.09,86.01,23.154
0.08,85.51,23.155
0.11,84.74,23.145
-0.04,85.3,23.156
-0.03,85.61,23.16
0.0,86.04,23.165
-0.07,86.06,23.158
-0.07,85.38,23.161
-0.04,85.45,23.169
0.0,85.53999999999999,23.1725
0.04,85.63,23.176
-0.04,84.9,23.181
0.01,85.2,23.181
-0.02,84.87,23.186
0.02,84.72,23.195
0.03,84.26,23.202
0.1,84.01,23.206
0.07,83.24,23.212
0.0,83.83,23.218
-0.02,83.83,23.224
-0.04,83.83,23.23
-0.07,83.7,23.235
-0.02,83.47,23.248
-0.01,84.16,23.263
-0.02,84.54,23.275
0.03,85.12,23.274
-0.02,85.38,23.284
0.01,85.3,23.29
0.07,85.28,23.285
0.12,85.35,23.308
0.2,85.76,23.312
0.11,86.19,23.327
0.18,86.75,23.325
0.02,87.21,23.345
0.05,87.28,23.372
-0.02,87.49,23.373
0.01,87.31,23.377
0.1,87.44,23.387
0.05,88.05,23.421
0.06,87.64,23.449
0.36,87.69,23.439
0.05,87.56,23.439
-0.08,87.72,23.446
-0.03,87.59,23.449
-0.13,88.05,23.451
-0.08,88.07,23.469
-0.1,87.72,23.471
-0.06,87.87,23.47
-0.03,87.87,23.49
-0.05,87.66,23.517
-0.02,87.92,23.526
-0.02,87.77,23.533
-0.02,87.92,23.532
-0.03,87.84,23.53
0.02,88.17,23.513
0.0,88.55,23.511
-0.01,88.2,23.504
-0.03,88.22,23.497
-0.03,88.12,23.48
0.0,88.38,23.47
-0.01,88.12,23.476
-0.01,88.12,23.475
0.01,87.79,23.473
0.02,88.0,23.453
0.01,87.61,23.426
0.0,87.56,23.418
0.04,87.77,23.415
0.01,88.12,23.397
0.0,88.3,23.365
0.01,88.81,23.354
0.02,88.86,23.362
0.07,88.71,23.362
0.030000000000000006,88.745,23.3525
-0.01,88.78,23.343
-0.03,88.63,23.33
0.0,88.58,23.325
0.03,88.53,23.32
0.01,88.58,23.311
0.02,88.68,23.301
0.04,89.21,23.291
0.03,89.34,23.281
0.01,89.39,23.272
0.02,89.47,23.269
0.02,89.57,23.269
0.02,89.75,23.274
0.01,89.72,23.257
0.14,90.21,23.241
0.01,90.13,23.23
0.01,90.13,23.241500000000002
0.01,90.13,23.253
0.01,90.1,23.234
0.01,90.43,23.226
0.02,90.56,23.228
0.01,90.84,23.22
0.01,90.87333333333333,23.215333333333334
0.01,90.90666666666667,23.210666666666665
0.01,90.94,23.206
0.01,91.07,23.193
0.01,91.53,23.189
0.02,91.7,23.185
0.01,91.42,23.184
0.01,91.4,23.184
0.0,91.78,23.175
0.0,92.11,23.164
0.01,92.16,23.149
0.0,92.16,23.153
0.01,92.16,23.15
0.01,92.21,23.143
0.02,92.39,23.145
0.0,92.59,23.139
0.005,92.58,23.131999999999998
0.01,92.57,23.125
0.01,92.59,23.122
0.01,92.49,23.118
0.02,92.59,23.115
0.01,92.59,23.11
0.01,92.54,23.101
0.0,92.54,23.095
-0.01,92.59,23.079
-0.01,92.62,23.087
0.01,92.9,23.093
0.01,92.97,23.098
0.02,93.0,23.103
0.02,93.03,23.099
-0.01,92.97,23.096
-0.01,93.0,23.09
-0.01,92.95,23.077
0.01,93.03,23.071
0.0,92.97,23.06
0.01,93.0,23.055
-0.01,93.1,23.048
0.0,93.36,23.026
-0.01,93.38,23.016
-0.01,93.41,23.005
-0.01,93.38,22.994
0.0,93.38,22.982
0.0,93.41,22.973
-0.01,93.41,22.964
-0.02,93.43,22.955
0.02,93.76,22.945
0.0,93.56,22.937
-0.01,93.38,22.927
0.02,93.53,22.925
0.02666666666666667,93.17666666666666,22.919
0.03333333333333333,92.82333333333334,22.913
0.04,92.47,22.907
0.1,92.19,22.9
0.1,91.76,22.894
0.07,91.58,22.892
-0.01,91.76,22.897
-0.02,91.63,22.895
-0.04,92.29,22.889
-0.11,92.01,22.883
-0.06,92.34,22.885
-0.04,92.06,22.885
0.0,91.98,22.891
-0.05,92.54,22.9
-0.13,92.82,22.911
-0.1,92.82,22.914
-0.05,92.47,22.921
0.04,92.59,22.936
-0.01,92.59,22.95
-0.02,92.57,22.962
-0.04,92.59,22.972
-0.03,92.49,22.991
-0.05,92.44,22.996
-0.05,92.16,23.02
-0.02,92.16,23.04
0.01,92.16,23.066
-0.14,92.03,23.115
-0.1,91.78,23.145
0.01,91.37,23.162
-0.05,91.2,23.165
-0.01,90.94,23.218
-0.02,90.59,23.235
0.01,90.54,23.243
-0.01,90.28,23.245
-0.01,89.9,23.274
-0.04,89.8,23.273
0.02,89.37,23.288
0.02,89.32,23.284
0.01,89.34,23.282
0.04,89.34,23.355
-0.04,89.32,23.358
0.02,89.04,23.293
-0.01,88.91,23.282
0.02,88.88,23.3
0.03,88.94,23.327
-0.02,89.27,23.361
0.85,89.27,23.353
1.88,89.21,23.305
-0.05,88.91,23.309
-0.03,88.58,23.318
-0.02,88.33,23.293
-0.02,87.69,23.279
-0.01,87.94,23.293
-0.07,87.87,23.311
-0.05,88.07,23.306
0.0,88.1,23.282
-0.07,88.53,23.298
-0.06,88.48,23.291
-0.05,88.53,23.259
-0.08,88.58,23.245
-0.02,88.35,23.283
0.02,88.63,23.286
0.0,88.96,23.286
0.1,89.14,23.272
-0.04,89.24,23.281
0.0,89.52,23.269
0.02,89.67,23.263
0.04,89.65,23.233
0.02,89.88,23.205
0.03,90.15,23.188
0.02,90.13,23.177
0.03,90.56,23.169
0.03,90.56,23.153
0.02,90.61,23.178
0.05,90.97,23.216
0.03,90.99,23.211
0.0,90.94,23.241
0.02,91.2,23.254
-0.01,91.37,23.225
0.01,91.5,23.193
0.04,91.73,23.185
0.02,91.86,23.182
0.01,91.98,23.174
0.02,92.01,23.16
0.015,92.1,23.1495
0.01,92.19,23.139
0.02,92.16,23.145
0.0,92.57,23.141
0.02,92.49,23.141
0.0,92.19,23.15
0.0,92.49,23.155
0.02,92.59,23.139
0.01,92.54,23.129
0.03,92.8,23.131
0.01,93.0,23.111
0.02,92.97,23.113
0.02,92.97,23.109
0.02,93.0,23.112
0.02,93.03,23.126
0.02,93.1,23.13
0.02,93.0,23.131
-0.01,92.72,23.111
0.0,92.97,23.11
0.0,92.75,23.102
0.02,92.95,23.098
0.01,92.62,23.086
0.01,92.59,23.074
0.03,92.54,23.067
0.02,92.16,23.061
0.01,92.16,23.058
0.02,92.19,23.045
-0.02,91.81,23.053
-0.02,91.76,23.05
-0.07,91.78,23.047
-0.02,91.48,23.041
-0.02,91.35,23.031
-0.02,91.55,23.019
-0.05,91.55,23.011
-0.02,91.81,23.014
-0.01,92.09,23.012
-0.01,92.16,23.0
-0.01,92.14,22.991
0.01,91.76,22.977
0.01,91.91,22.975
-0.02,91.4,22.986
-0.03,91.35,22.995
-0.015,91.195,22.988
0.0,91.04,22.981
-0.02,90.51,22.985
0.01,90.74,22.988
0.0,90.89,22.988
-0.01,90.92,22.985
-0.01,90.87,22.979
0.0,90.48,22.965
0.04,90.76,22.949
0.01,90.94,22.931
0.0,90.99,22.937
0.0,91.22,22.947
0.02,91.32,22.947
-0.02,91.37,22.939
0.0,91.37,22.933
0.0,91.53,22.943
0.02,91.35,22.937
0.035,90.78,22.939
0.05,90.21,22.941
0.02,89.29,22.936
0.02,88.66,22.941
0.02,88.58,22.943
-0.01,88.48,22.943
0.16,88.35,22.946
-0.01,88.02,22.955
-0.04,88.12,22.961
-0.04,87.89,22.972
-0.08,88.12,22.98
-0.04,88.12,22.982
0.0,88.1,22.996
0.01,87.69,22.997
-0.06,87.74,23.007
0.01,87.49,23.015
-0.01,87.36,23.019
-0.07,87.94,23.041
-0.02,87.64,23.065
-0.04,87.89,23.068
-0.01,87.59,23.066
-0.03,87.72666666666667,23.078666666666667
-0.05,87.86333333333333,23.09133333333333
-0.07,88.0,23.104
-0.05,88.05,23.123
-0.02,88.07,23.142
-0.01,88.1,23.177
0.01,88.5,23.218
-0.01,88.17,23.243
0.01,88.35,23.275
0.10999999999999999,88.225,23.304
0.21,88.1,23.333
0.01,87.66,23.375
0.02,87.64,23.389
0.13,87.79,23.418
0.03,87.72,23.443
0.03,87.41,23.459
-0.05,86.75,23.482
0.01,86.78,23.496
0.01,86.65,23.54
0.1,86.39,23.565
0.02,85.91,23.541
-0.01,85.76,23.495
-0.04,85.33,23.532
0.03,85.25,23.564
0.05,85.38,23.591
0.07500000000000001,85.35499999999999,23.575499999999998
0.1,85.33,23.56
-0.07,85.51,23.584
0.07,85.66,23.583
0.015,86.13,23.5585
-0.04,86.6,23.534
0.23,86.75,23.542
0.12,86.67,23.527
-0.04,86.19,23.532
-0.06,86.17,23.559
-0.11,85.91,23.555
0.08,86.27,23.572
-0.05,86.42,23.579
-0.11,86.55,23.565
-0.04,86.62,23.552
-0.01,86.39,23.537
0.01,86.65,23.544
-0.05,86.29,23.543
-0.01,86.29,23.538
-0.03,86.5,23.513
-0.02,86.65,23.504
0.0,87.13,23.505
-0.03,86.95,23.489
0.03,87.64,23.457
0.01,87.69,23.444
0.02,88.17,23.467
0.04,88.05,23.47
0.03,88.12,23.435
0.02,88.3,23.432
0.04,88.12,23.421
0.03,88.35,23.416
0.02,88.4,23.416
0.02,88.15,23.413
0.04,88.33,23.385
0.06,88.55,23.367
0.04,88.58,23.348
-0.04,88.71,23.337
0.01,88.5,23.339
0.01,88.38,23.328
-0.01,88.35,23.334
0.02,88.55,23.333
0.03,88.76,23.351
0.02,88.91,23.353
0.06,88.91,23.344
0.05,89.29,23.33
0.035,89.29,23.3295
0.02,89.29,23.329
-0.02,89.39,23.316
0.04,89.65,23.316
0.03,89.49,23.328
0.01,89.62,23.331
0.0,89.37,23.341
-0.01,89.39,23.349
-0.02,89.7,23.346
0.02,89.62,23.336
0.02,89.24,23.344
0.04,88.96,23.369
0.05,89.29,23.37
0.04,89.24,23.372
0.02,89.27,23.368
0.02,88.86,23.375
0.005000000000000001,89.0,23.3845
-0.01,89.14,23.394
-0.04,89.21,23.401
-0.05,88.99,23.403
0.04,89.27,23.408
-0.01,89.16,23.413
-0.06,88.94,23.403
-0.07,88.96,23.409
-0.03,88.53,23.405
-0.06,88.91,23.4
-0.05,88.5,23.399
-0.03,88.94,23.402
-0.01,88.6,23.397
-0.005,88.74,23.3875
0.0,88.88,23.378
-0.02,88.6,23.396
-0.01,88.12,23.409
-0.01,87.89,23.412
0.01,87.46,23.416
0.01,87.64,23.417
-0.01,88.12,23.413
-0.01,88.07,23.417
0.01,88.15,23.424
0.01,88.2,23.428
-0.01,87.72,23.433
-0.01,88.17,23.431
-0.02,88.0,23.425
0.02,87.87,23.415
0.01,88.1,23.413
0.02,88.1,23.42
-0.02,87.84,23.416
-0.02,88.12,23.418
0.01,87.79,23.42
-0.01,87.89,23.423
0.01,88.12,23.429
0.01,87.31,23.435
-0.02,86.9,23.439
0.0,86.29,23.45
0.01,85.28,23.466
0.02,84.95,23.468
0.02,84.69,23.463
0.01,84.9,23.454
-0.05,85.58,23.453
0.01,85.4,23.451
-0.1,85.25,23.458
-0.02,85.78,23.464
-0.05,86.06,23.465
-0.07,86.27,23.474
-0.06,86.45,23.478
-0.04,86.45,23.485
-0.05,86.72,23.49
-0.02,86.88,23.495
-0.06,87.05,23.505
-0.02,87.39,23.533
-0.04,87.33,23.54
-0.04,87.21,23.542
-0.02,87.59,23.551
0.05,87.39,23.594
-0.05,86.88,23.611
-0.03,85.84,23.606
-0.03,86.04,23.595
-0.01,86.04,23.603
0.01,86.55,23.593
0.01,86.9,23.613
0.0,87.31,23.648
0.0,87.25999999999999,23.674
0.0,87.21,23.7
0.0,87.31,23.706
-0.01,87.44,23.716
0.04,87.69,23.742
0.14,88.38,23.759
0.13,88.38,23.793
0.05,88.455,23.819
-0.03,88.53,23.845
-0.01,88.63,23.836
0.01,88.6,23.869
0.03,90.64,23.87
-0.02,90.61,23.89
-0.02,90.61,23.927
0.03,90.56,23.909
0.0,90.21,23.909
-0.01,90.1,23.938
0.0,89.82,23.969
0.025,89.44,23.9565
0.05,89.06,23.944
-0.02,89.16,23.938
-0.08,88.91,23.948
0.02,89.11,23.938
-0.11,89.09,23.916
0.04,89.19,23.895
0.12,89.06,23.873
0.07,89.34,23.844
-0.01,89.44,23.803
0.01,89.52,23.809
0.04,89.47,23.807
0.0,89.42,23.796
-0.08,89.32,23.794
-0.09,88.78,23.809
-0.01,88.96,23.788
0.08,89.27,23.772
0.04,88.86,23.762
0.13,89.49,23.755
0.06,89.85,23.739
0.02,90.89,23.714
-0.05,91.02,23.735
0.07,90.94,23.746
-0.07,90.54,23.719
-0.08,90.48,23.708
-0.06,90.28,23.707
-0.02,90.23,23.704
0.04,90.21,23.708
0.04,89.8,23.709
0.17,89.9,23.684
0.05,89.32,23.681
-0.05,89.34,23.671
-0.03,89.67,23.661
0.08,89.57,23.653
0.03,89.67,23.644
-0.09,89.67,23.64
-0.02,90.13,23.64
-0.04,90.08,23.633
-0.04,89.42,23.616
0.04,89.44,23.592
-0.16,87.89,23.588
-0.04,88.22,23.591
0.03,87.82,23.599
0.04,88.58,23.604
-0.07,87.74,23.595
-0.05,87.13,23.598
-0.02,86.45,23.583
0.01,87.16,23.575
0.04,87.18,23.563
0.04,87.16,23.552
-0.08,87.21,23.549
-0.06,87.08,23.529
-0.05,86.78,23.521
-0.05,86.32,23.514
0.0,86.39,23.517
-0.01,86.57,23.533
0.01,86.93,23.531
0.02,87.08,23.535
0.01,87.16,23.539
-0.01,87.11,23.539
-0.01,87.64,23.536
0.0,87.66,23.524
0.0,87.61,23.53
0.02,88.35,23.536
0.02,88.12,23.536
-0.01,88.07,23.524
0.0,87.74,23.513
-0.01,87.82,23.508
-0.01,88.07,23.502
0.02,88.33,23.501
0.01,88.33,23.496
0.0,88.5,23.498
0.005,88.78,23.491
0.01,89.06,23.484
0.0,89.27,23.478
0.0,89.34,23.471
0.02,89.44,23.471
0.01,89.6,23.479
0.02,89.57,23.478
0.02,89.72,23.475
0.01,89.85,23.484
0.02,89.8,23.489
0.02,89.77,23.48
0.02,89.75,23.471
0.01,89.67,23.473
0.0,89.75,23.475
0.0,90.1,23.475
0.01,90.51,23.469
0.02,90.59,23.468
-0.01,90.61,23.462
-0.02,90.61,23.458
-0.03,90.71,23.451
-0.01,90.89,23.443
-0.01,90.87,23.437
-0.01,90.87,23.434
0.01,90.97,23.431
0.03,90.76,23.428
0.0,90.21,23.432
0.01,89.8,23.432
0.01,89.7,23.433
0.04,89.09,23.429
0.09,88.68,23.432
0.04,88.83,23.43
0.015,88.77,23.430500000000002
-0.01,88.71,23.431
0.05,88.86,23.432
-0.08,88.91,23.43
-0.04,88.91,23.433
-0.02,88.35,23.435
0.03,88.91,23.44
-0.04,88.88,23.446
0.0,88.96,23.45
-0.015,89.115,23.462
-0.03,89.27,23.474
0.02,89.32,23.483
0.05,89.34,23.492
-0.11,89.32,23.494
-0.1,89.42,23.506
-0.05,89.16,23.521
-0.04,89.32,23.535
-0.08,89.34,23.542
-0.02,89.32,23.565
0.03,89.29,23.582
0.06,88.96,23.594
-0.08,88.71,23.607
0.04,88.45,23.624
0.0,88.1,23.646
0.06,87.89,23.666
-0.12,88.05,23.667
-0.04,87.97,23.679
-0.03,87.61,23.684
0.05,87.59,23.693
0.07,88.22,23.67
-0.1,88.05,23.684
0.2,88.27,23.695
0.06,87.94,23.703
-0.11,87.89,23.711
-0.14,87.61,23.711
0.01,87.03,23.733
-0.07,86.37,23.732
-0.08,86.52,23.738
-0.02,85.99,23.759
-0.02,86.5,23.752
-0.02,86.01,23.739
-0.02,85.35,23.759
-0.04,84.97,23.767
-0.07,84.84,23.772
0.0,84.44,23.776
0.0,84.69,23.768
-0.01,85.0,23.747
0.0,84.84,23.737
0.0,85.28,23.739
-0.05,85.66,23.741
-0.02,85.78,23.704
-0.02,85.63,23.697
-0.07,85.33,23.72
-0.05,85.58,23.719
-0.04,85.12,23.715
-0.02,85.05,23.689
-0.02,84.77,23.665
-0.05,85.61,23.649
-0.01,85.73,23.644
0.03,86.06,23.634
0.02,86.47,23.616
0.02,85.96,23.596
0.01,86.6,23.588
0.01,86.29,23.577
0.04,86.67,23.564
0.02,87.26,23.558
0.04,87.33,23.552
0.06,87.69,23.541
0.07,88.1,23.529
0.1,87.69,23.516
-0.01,87.31,23.503
0.04,87.64,23.505
0.05,87.18,23.507
0.01,86.95,23.516
0.0,87.59,23.524
0.01,87.16,23.529
-0.01,87.74,23.51
0.05,87.61,23.488
0.01,87.72,23.474
0.01,87.94,23.46
0.02,88.05,23.459
0.02,87.84,23.447
0.0,87.74,23.438
0.02,88.05,23.435
0.04,88.43,23.433
0.03,88.5,23.439
-0.01,88.5,23.443
0.02,88.43,23.438
0.035,88.64500000000001,23.429499999999997
0.05,88.86,23.421
0.01,89.06,23.411
0.03,89.19,23.409
0.02,89.34,23.413
0.01,89.49,23.417
0.0,89.39,23.414
0.0,89.44,23.411
0.01,89.72,23.41
0.01,89.98,23.41
0.01,89.93,23.408
-0.01,90.1,23.403
0.01,90.15,23.391
0.02,90.15,23.379
0.02,90.46,23.372
0.03,90.54,23.369
0.05,90.69,23.369
0.04,90.51,23.374
-0.04,90.61,23.38
-0.01,90.64,23.381
0.0,90.84,23.38
0.02,90.76,23.371
0.01,90.33,23.36
0.0,90.69,23.357
-0.02,90.69,23.352
-0.01,90.54,23.349
0.0,90.56,23.349
-0.01,90.76,23.348
0.01,90.94,23.341
0.01,91.25,23.34
-0.01,91.12,23.339
0.01,91.04,23.341
0.04,91.2,23.342
0.04,91.15,23.34
0.04,90.97,23.338
0.0,91.12,23.334
-0.02,91.35,23.333
-0.01,91.3,23.328
0.01,91.07,23.324
-0.02,91.35,23.323
0.0,91.37,23.315
0.01,91.68,23.31
0.01,91.5,23.308
-0.015000000000000001,91.435,23.310000000000002
-0.04,91.37,23.312
0.0,91.32,23.309
0.01,91.25,23.308
0.0,90.61,23.304
0.02,90.23,23.3
0.05,89.44,23.299
0.02,88.53,23.297
0.05,88.12,23.294
0.07,88.35,23.294
0.04,87.66,23.292
0.0,87.18,23.295
-0.02,86.88,23.293
-0.02,86.69999999999999,23.295
-0.02,86.52,23.297
-0.02,86.93,23.297
-0.08,86.24,23.303
-0.14,85.94,23.303
-0.02,85.94,23.308
-0.05,85.81,23.312
-0.14,86.14,23.314
-0.07,86.04,23.315
-0.04,86.11,23.32
0.03,85.56,23.325
0.07,84.84,23.336
0.08,85.23,23.343
-0.01,85.28,23.353
-0.02,86.06,23.36
-0.05,86.52,23.361
-0.05,87.0,23.356
0.02,87.33,23.354
-0.11,87.61,23.356
0.01,87.87,23.354
0.06,88.38,23.349
0.08,88.25,23.359
0.08,88.4,23.373
0.08,88.55,23.387
-0.1,88.55,23.407
-0.07,88.83,23.437
-0.05,88.94,23.458
-0.08,88.99,23.463
-0.02,88.99,23.488
-0.03,89.24,23.509
-0.04,89.32,23.546
-0.01,89.34,23.557
0.0,89.47,23.58
0.01,89.54,23.609
0.07,89.54,23.628
0.11,89.34,23.603
0.04,89.62,23.625
0.03,89.49,23.63
0.0,89.39,23.652
-0.08,89.19,23.641
-0.04,89.39,23.677
0.05,89.6,23.676
0.02,89.67,23.674
-0.09,89.62,23.67
-0.08,89.67,23.701
0.11,90.08,23.68
0.37,90.66,23.649
0.07,90.41,23.683
0.17,90.21,23.666
0.15,89.82,23.64
0.04,90.08,23.629
-0.01,89.95,23.583
-0.15,89.75,23.569
-0.1,89.93,23.546
-0.13,90.13,23.536
-0.07,90.18,23.552
-0.07,89.95,23.54
-0.05,89.75,23.534
-0.07,89.72,23.537
-0.09,89.88,23.538
-0.05,90.15,23.526
-0.04,89.85,23.504
-0.02,89.72,23.468
0.02,90.03,23.445
0.01,89.75,23.442
-0.01,89.85,23.437
0.03,89.93,23.424
0.04,89.72,23.405
0.04,90.13,23.391
0.04,90.13,23.383
0.08,90.31,23.386
-0.01,90.46,23.364
0.02,89.32,23.348
-0.01,88.94,23.328
0.07,89.09,23.334
-0.01,89.32,23.34
-0.01,89.21,23.328
-0.01,89.34,23.335
0.01,89.72,23.336
0.03,89.8,23.321
0.03,89.91499999999999,23.315
0.03,90.03,23.309
0.02,90.26,23.299
0.04,90.31,23.29
0.02,90.26,23.28
0.03,90.1,23.274
0.05,90.1,23.271
0.02,90.13,23.267
-0.01,89.85,23.267
0.0,89.85,23.266
-0.04,89.72,23.258
0.01,89.75,23.259
0.01,89.85,23.256
-0.02,90.13,23.247
0.04,90.51,23.236
-0.02,90.54,23.228
-0.01,90.79,23.228
0.0,90.76,23.225
0.01,90.59,23.224
-0.01,90.13,23.22
-0.04,89.75,23.208
-0.04,89.75,23.209
0.01,89.77,23.213
-0.01,89.88,23.21
-0.01,89.88,23.213
-0.01,90.05,23.217
-0.01,90.18,23.212
-0.01,90.51,23.201
0.0,90.89,23.193
0.0,90.99,23.193
-0.01,91.2,23.194
0.01,91.37,23.197
0.01,91.73,23.198
0.01,91.6,23.196
0.01,91.4,23.201
0.0,91.42,23.201
0.01,91.4,23.2
0.0,91.35,23.204
-0.01,91.5,23.208
0.01,91.73,23.206
0.02,91.32,23.206
0.01,90.87,23.203
0.01,91.12,23.199
-0.01,91.37,23.199
0.04,91.76,23.198
0.02,91.32,23.202
-0.02,91.3,23.203
0.06,91.32,23.203
-0.01,91.45,23.198
0.04,92.67,23.193
-0.03,93.0,23.193
-0.07,92.97,23.194
-0.03,93.41,23.189
0.0,93.28,23.189
0.01,93.36,23.193
0.04,93.51,23.193
0.05,93.71,23.192
0.1,93.41,23.191
0.0,93.53,23.191
0.03,93.41,23.185
-0.01,93.13,23.178
0.004999999999999999,93.065,23.181
0.02,93.0,23.184
-0.01,92.29,23.181
-0.03,92.36,23.18
0.0,91.78,23.181
0.01,91.37,23.185
0.01,90.97,23.189
-0.04,90.71,23.193
-0.07,90.51,23.201
-0.06,90.61,23.206
-0.02,90.26,23.21
-0.03,90.46,23.216
0.01,90.41,23.221
-0.05,90.23,23.227
-0.11,90.41,23.235
-0.04,90.31,23.243
-0.07,90.18,23.268
-0.08,90.41,23.285
0.03,90.56,23.305
0.0,90.56,23.317
-0.01,90.71,23.324
0.04,90.66,23.334
0.02,90.82,23.34
0.0,90.94,23.35
-0.03,90.82,23.363
-0.02,90.74,23.376
0.0,90.97,23.398
0.07,90.94,23.407
0.05,91.17,23.403
-0.03,91.02000000000001,23.418
-0.11,90.87,23.433
-0.11,90.97,23.446
-0.01,91.32,23.432
-0.03,91.2,23.459
-0.07,90.97,23.469
-0.05,91.35,23.477
-0.07,91.2,23.499
-0.05,91.4,23.53
-0.05,91.35,23.54
-0.02,91.22,23.546
-0.01,91.2,23.549
0.01,91.02,23.549
-0.05,91.15,23.547
0.01,90.94,23.553
-0.06,90.94,23.561
-0.14,90.89,23.554
-0.02,90.89,23.548
0.01,90.92,23.561
-0.01,90.99,23.548
-0.02,90.94,23.532
-0.02,90.97,23.527
-0.02,91.15,23.532
-0.02,90.99,23.536
-0.02,90.94,23.525
-0.09,90.71,23.518
-0.055,90.735,23.508000000000003
-0.02,90.76,23.498
-0.04,90.59,23.496
-0.02,90.69,23.506
0.02,90.61,23.535
0.1,90.54,23.552
0.12,90.94,23.537
0.0,90.97,23.521
0.0,91.37,23.512
0.07,91.45,23.49
0.13,91.37,23.484
0.10500000000000001,91.7,23.488500000000002
0.08,92.03,23.493
0.08,91.88,23.478
0.07,92.19,23.453
0.02,92.26,23.419
-0.06,92.26,23.425
-0.14,92.24,23.429
-0.12,92.16,23.416
-0.04,92.16,23.415
-0.01,92.16,23.415
0.01,92.16,23.409
0.01,92.57,23.392
-0.01,92.57,23.372
-0.02,92.49,23.351
0.01,92.42,23.329
0.02,92.95,23.308
-0.02,92.72,23.292
0.0,92.92,23.282
-0.01,92.64,23.275
-0.01,92.75,23.274
0.0,92.95,23.282
-0.01,93.03,23.282
0.0,93.13,23.285
0.03,93.43,23.288
0.0,93.36,23.293
0.01,93.36,23.293
0.0,93.435,23.2845
-0.01,93.51,23.276
0.0,93.61,23.27
0.02,93.79,23.265
0.03,93.81,23.264
0.01,93.48,23.269
0.02,93.79,23.269
0.0,93.81,23.271
-0.03,93.79,23.27
-0.02,93.81,23.269
-0.02,93.80000000000001,23.261499999999998
-0.02,93.79,23.254
-0.02,93.81,23.242
-0.02,93.94,23.231
-0.02,93.84,23.224
-0.01,93.86,23.217
0.01,93.81,23.206
-0.01,93.71,23.197
-0.04,93.56,23.19
-0.03,93.58,23.187
-0.02,93.79,23.193
-0.19,93.41,23.192
-0.08,93.38,23.206
-0.02,93.43,23.221
-0.015,93.39500000000001,23.2235
-0.01,93.36,23.226
0.01,93.46,23.231
0.02,93.51,23.227
0.01,93.36,23.227
0.04,93.38,23.234
0.04,93.74,23.243
0.01,93.81,23.243
0.01,93.79,23.236
0.03,93.79,23.234
0.02,93.76,23.231
0.0,93.81,23.218
0.01,93.81,23.212
0.02,93.84,23.209
0.01,93.79,23.211
0.0,93.79,23.202
-0.05,93.84,23.186
-0.07,94.04,23.18
-0.05500000000000001,93.915,23.177999999999997
-0.04,93.79,23.176
-0.02,93.76,23.171
-0.03,93.57,23.164
-0.04,93.38,23.157
0.02,93.0,23.146
0.04,92.62,23.14
0.04,92.57,23.135
0.01,92.34,23.136
0.02,91.88,23.143
0.01,91.78,23.143
-0.03,92.75,23.143
-0.08,92.87,23.149
-0.08,92.92,23.156
0.0,92.21,23.169
0.01,92.06,23.181
-0.03,91.96,23.182
-0.03,91.81,23.188
-0.01,91.76,23.195
-0.02,92.16,23.211
-0.07,91.78,23.219
-0.07,91.7,23.225
0.0,91.76,23.233
-0.02,91.55,23.235
-0.01,91.96,23.25
0.0,91.98,23.258
0.04,92.19,23.264
-0.01,92.54,23.272
-0.01,92.57,23.291
-0.06,92.62,23.315
-0.08,92.795,23.3395
-0.1,92.97,23.364
-0.11,93.03,23.382
-0.05,93.03,23.416
-0.02,92.97,23.425
-0.04,93.03,23.428
0.01,93.38,23.44
0.09,93.38,23.464
-0.05,93.38,23.483
-0.05,93.41,23.51
-0.01,93.41,23.534
-0.06,93.41,23.544
0.01,93.41,23.551
0.02,93.18,23.557
0.1,93.13,23.558
0.05,93.23,23.559
0.06,92.97,23.578
-0.01,93.15,23.581
-0.03,93.28,23.569
-0.07,93.1,23.562
-0.01,93.08,23.567
-0.07,92.97,23.569
-0.08,92.59,23.568
-0.11,92.54,23.574
-0.02,92.59,23.58
-0.05,92.26,23.583
-0.0050000000000000044,92.21000000000001,23.581
0.04,92.16,23.579
0.08,92.14,23.576
0.17,92.11,23.554
0.17,91.73,23.541
0.11,91.91,23.544
0.04,91.76,23.557
0.02,91.91,23.57
-0.08,92.14,23.581
-0.05,92.06,23.577
0.01,91.78,23.574
-0.02,91.78,23.575
0.05,92.06,23.543
0.05,92.09,23.521
-0.01,92.16,23.501
-0.04,92.39,23.49
-0.05,92.67,23.49
-0.09,92.8,23.499
-0.07,92.875,23.497999999999998
-0.05,92.95,23.497
0.03,92.97,23.479
0.01,93.41,23.458
-0.01,93.41,23.432
0.1,93.74,23.398
0.065,93.75,23.384
0.03,93.76,23.37
0.03,93.84,23.362
0.01,93.41,23.339
0.02,93.81,23.327
0.02,93.97,23.322
0.02,94.22,23.311
0.005000000000000001,94.22,23.32
-0.01,94.22,23.329
-0.04,94.17,23.321
-0.01,94.17,23.311
0.0,94.19,23.3
-0.05,94.24,23.296
0.01,94.22,23.292
-0.02,94.6,23.285
-0.01,94.58,23.279
-0.04,94.68,23.273
-0.02,94.98,23.28
0.01,94.88,23.279
0.01,94.58,23.276
-0.02,94.65,23.273
0.04,94.91,23.269
-0.02,95.06,23.263
-0.31,95.06,23.267
-0.18,95.46,23.26
-0.01,95.44,23.257
-0.01,95.46,23.261
0.02,95.46,23.265
-0.02,95.39,23.261
-0.01,95.54,23.255
-0.05,95.79,23.251
0.01,95.87,23.256
0.1,95.79,23.256
-0.07,95.87,23.255
-0.05,95.95,23.243
-0.06,96.18,23.242
-0.03,96.28,23.247
-0.08,96.28,23.246
-0.07,96.23,23.244
0.02,96.2,23.245
-0.11,96.23,23.239
-0.16,96.18,23.228
-0.05,96.28,23.216
-0.02,95.97,23.206
-0.05,95.85,23.205
-0.04,95.87,23.198
-0.05,95.87,23.192
-0.01,95.9,23.185
0.01,95.79,23.18
-0.01,95.82,23.178
0.01,95.79,23.18
0.08,95.79,23.174
-0.01,95.82,23.175
0.02,95.87,23.176
-0.03,95.87,23.174
-0.05,96.02,23.171
-0.02,96.18,23.166
-0.01,96.25,23.16
-0.03,96.3,23.158
0.02,96.23,23.157
0.02,96.23,23.155
-0.005000000000000001,96.255,23.1545
-0.03,96.28,23.154
-0.03,96.2,23.151
-0.01,96.28,23.145
-0.01,96.23,23.145
0.0,96.23,23.147
0.01,96.23,23.149
0.02,96.02,23.153
0.04,95.79,23.154
0.04,96.15,23.157
-0.01,96.2,23.155
-0.2,95.85,23.151
-0.03,95.44,23.147
0.03,95.82,23.148
-0.01,95.08,23.146
0.02,94.8,23.149
0.02,94.68,23.149
0.01,94.42,23.149
0.01,94.27,23.153
-0.02,93.84,23.193
-0.06,93.79,23.208
-0.01,93.79,23.225
-0.01,93.76,23.238
-0.07,93.79,23.264
-0.04,93.84,23.273
-0.07,93.81,23.296
-0.09,93.94,23.312
-0.045,93.86500000000001,23.323
0.0,93.79,23.334
0.07,93.84,23.348
0.01,93.89,23.38
0.01,93.76,23.396
-0.01,94.24,23.395
0.0,93.99,23.398
-0.02,94.09,23.401
-0.05,94.22,23.411
0.05,94.22,23.429
-0.02,94.24,23.456
-0.06,94.24,23.48
-0.03,94.17,23.522
-0.03,94.24,23.551
-0.03,94.19,23.584
0.07,94.22,23.617
0.09,94.22,23.618
0.01,94.19,23.618
0.08,94.22,23.638
-0.01,94.22,23.698
-0.01,94.14,23.723
-0.04,94.02,23.752
-0.06,93.84,23.776
0.1,94.04,23.796
0.1,93.81,23.802
-0.03,93.81,23.776
0.03,93.80000000000001,23.771
0.09,93.79,23.766
0.04,93.765,23.783
-0.01,93.74,23.8
-0.005,93.69999999999999,23.787
0.0,93.66,23.774
0.0,93.43,23.78
0.02,93.41,23.766
0.01,93.36,23.73
-0.05,93.41,23.742
-0.04,93.41,23.759
-0.04,93.74,23.753
-0.08,93.76,23.717
0.07,93.94,23.687
-0.07,93.89,23.657
0.01,94.02,23.628
0.06,94.24,23.622
0.01,94.55,23.605
-0.02,94.58,23.583
-0.02,94.73,23.576
-0.02,95.06,23.567
-0.02,95.06,23.573
-0.02,95.34,23.58
-0.09,95.08,23.567
-0.04,95.36,23.56
-0.03,95.375,23.548000000000002
-0.02,95.39,23.536
0.02,95.46,23.52
0.03,95.77,23.485
-0.03,95.87,23.467
0.02,95.85,23.464
-0.035,96.05,23.457
-0.09,96.25,23.45
-1.99,96.28,23.436
-0.74,96.2,23.425
-0.12,96.28,23.422
-0.06,96.4,23.412
0.07,96.58,23.403
0.05,96.68,23.401
0.11,96.61,23.398
0.07,96.61,23.395
0.06,96.68,23.4
0.05,96.73,23.397
0.01,96.99,23.393
0.04,97.04,23.396
0.05,97.09,23.393
0.02,97.01,23.382
0.03,96.99,23.375
0.03,97.04,23.369
0.0,97.09,23.365
0.02,97.19,23.367
0.03,97.4,23.371
0.03,97.4,23.377
0.01,97.4,23.378
0.02,97.42,23.377
0.04,97.5,23.375
0.015,97.45,23.381999999999998
-0.01,97.4,23.389
0.01,97.4,23.392
-0.01,97.4,23.391
0.01,97.47,23.389
-0.01,97.5,23.382
0.0,97.5,23.372
0.0,97.5,23.363
0.05,97.5,23.354
0.02,97.5,23.35
0.03,97.42,23.346
0.0,97.42,23.351
-0.04,97.42,23.35
0.0,97.5,23.348
-0.01,97.45,23.354
-0.01,97.42,23.355
-0.01,97.5,23.354
0.02,97.29,23.358
0.0,97.4,23.355
0.03,97.42,23.349
0.02,97.23,23.3415
0.01,97.04,23.334
-0.01,97.12,23.321
0.049999999999999996,97.26,23.314500000000002
0.11,97.4,23.308
0.07,97.4,23.3
0.16,97.45,23.301
0.76,97.52,23.269
0.38,97.55,23.266
0.84,97.45,23.258
0.33,97.52,23.256
0.7,97.85,23.254
2.83,97.83,23.247
2.71,97.98,23.243
2.18,97.83,23.239
0.29,97.9,23.239
0.56,97.83,23.242
0.32,97.9,23.237
0.31,97.83,23.235
0.37,97.85,23.233
0.81,97.85,23.231
0.41,97.57,23.229
-0.54,97.9,23.228
0.6,97.8,23.231
0.65,97.42,23.232
0.15,97.04,23.235
0.07,96.99,23.242
0.09,96.99,23.253
0.02,96.63,23.258
0.09,96.61,23.267
0.04,96.2,23.269
0.22,96.63,23.272
0.6,96.33,23.272
0.02,96.28,23.279
0.04,96.02,23.293
0.10500000000000001,96.125,23.295499999999997
0.17,96.23,23.298
0.39,96.23,23.293
0.07,95.87,23.295
0.04,95.67,23.293
0.02,95.82,23.299
0.07,96.18,23.295
-0.01,96.23,23.294
-0.2,96.18,23.296
-0.75,96.18,23.307
-0.01,95.82,23.33
0.28,96.28,23.343
-0.26,96.25,23.344
0.29,96.2,23.349
-0.010000000000000009,96.225,23.3525
-0.31,96.25,23.356
-0.07,96.18,23.346
-0.16,96.2,23.341
0.3,95.85,23.348
-0.1,95.97,23.349
0.11,95.95,23.348
0.23,95.97,23.345
0.07,96.0,23.347
0.0,96.2,23.357
0.16,96.25,23.361
-0.02,96.28,23.353
-0.38,96.38,23.344
0.38,96.23,23.344
0.07,96.2,23.345
0.27,96.23,23.343
0.04,96.2,23.34
0.11,95.97,23.341
0.31,95.85,23.333
0.16,95.835,23.3305
0.01,95.82,23.328
0.02,95.85,23.322
0.02,95.85,23.307
0.01,96.1,23.292
1.27,96.28,23.278
2.23,96.68,23.261
1.61,96.66,23.248
0.12,96.61,23.263
0.05,96.61,23.279
0.02,96.63,23.286
0.02,96.66,23.293
0.04,96.68,23.289
0.02,96.68,23.295
-0.01,96.61,23.297
-0.01,96.58,23.293
-0.01,96.35,23.288
-0.02,96.4,23.282
0.01,96.58,23.279
0.01,96.58,23.283
0.02,96.61,23.281
-0.01,96.68,23.281
-0.01,96.61,23.279
-0.01,96.61,23.28
0.0,96.68,23.276
0.0,96.68,23.28
-0.01,96.86,23.301
0.0,96.99,23.3
-0.02,97.09,23.292
0.0,97.01,23.283
-0.01,97.01,23.273
-0.01,97.01,23.266
0.0,97.09,23.255
0.0,97.12,23.255
0.005,97.065,23.2505
0.01,97.01,23.246
0.01,97.01,23.232
-0.01,97.07,23.221
-0.01,97.13,23.2125
-0.01,97.19,23.204
0.01,97.4,23.199
-0.01,97.4,23.193
0.0,97.45,23.189
0.0,97.5,23.201
0.0,97.5,23.21
0.01,97.5,23.218
0.01,97.5,23.208
0.01,97.5,23.218
-0.01,97.5,23.242
0.02,97.5,23.272
-0.01,97.47,23.286
-0.01,97.42,23.294
0.0,97.42,23.317
0.0,97.42,23.359
-0.01,97.42,23.38
0.01,97.42,23.384
-0.01,97.42,23.394
-0.01,97.43,23.368333333333332
-0.01,97.44,23.342666666666666
-0.01,97.45,23.317
-0.01,97.42,23.25
0.0,97.42,23.301
0.01,97.42,23.332
0.01,97.47,23.337
0.01,97.45,23.312
0.0,97.42,23.299
-0.01,97.42,23.319
0.01,97.47,23.347
-0.01,97.52,23.375
-0.005,97.50999999999999,23.377000000000002
0.0,97.5,23.379
0.01,97.5,23.341
0.01,97.5,23.295
0.02,97.5,23.269
0.01,97.45,23.259
0.01,97.45,23.263
0.0,97.42,23.24
0.02,97.42,23.218
-0.01,97.4,23.193
0.02,97.42,23.17
0.0,97.42,23.149
0.01,97.47,23.147
-0.024999999999999994,97.445,23.1535
-0.06,97.42,23.16
-0.33,97.4,23.149
0.05,97.4,23.12
-0.04,97.4,23.088
-0.08,97.45,23.059
0.06,97.4,23.04
-0.02,97.04,23.025
0.0,96.91,23.03
-0.04,97.01,23.026
-0.02,97.09,23.019
-0.02,96.35,23.016
0.02,96.51,23.017
-0.04,96.94,23.027
0.05,96.25,23.025
0.04,95.87,23.02
0.07,96.05,23.043
0.01,95.69,23.125
0.06,95.46,23.145
-0.01,95.44,23.174
-0.01,95.46,23.214
0.14,95.41,23.262
0.13,95.46,23.295
0.02,95.41,23.32
0.02,95.46,23.329
0.01,95.41,23.369
0.0,95.44,23.433
0.0,95.34,23.465
0.0,95.21,23.521
0.0,95.01,23.614
0.0,94.93,23.667
0.0,94.63,23.713
0.0,94.6,23.716
-0.02,94.5,23.753
-0.14,94.19,23.83
-0.05,94.22,23.816
0.02,93.94,23.85
0.03,93.81,23.886
0.08,93.81,23.962
0.01,93.38,24.02
0.05,93.41,24.097
0.05,93.3,24.136
0.01,93.2,24.196
0.02,93.0,24.245
0.02,92.95,24.364
-0.07,92.59,24.307
0.08,92.26,24.269
0.04,91.76,24.325
-0.02,91.86,24.411
0.04,91.76,24.464
-0.01,91.78,24.351
0.04,91.4,24.348
0.01,91.32,24.433
-0.04,91.37,24.34
0.01,90.97,24.219
0.01,90.84,24.237
0.04,90.71,24.393
0.08,90.54,24.412
0.04,90.23,24.235
0.01,90.31,24.071
0.02,89.82,24.021
0.02,90.33,23.983
-0.04,90.51,23.978
-0.01,90.13,23.96
0.05,90.26,23.984
0.03,90.18,23.981
0.01,90.59,24.021
-0.01,90.64,24.019
-0.02,90.92,24.03
0.0,91.4,24.033
-0.01,91.76,24.05
-0.045000000000000005,92.39500000000001,24.0075
-0.08,93.03,23.965
-0.07,93.36,23.926
-0.02,93.43,23.837
0.04,93.76,23.758
0.04,94.14,23.722
0.01,94.24,23.703
0.005,94.445,23.669
0.0,94.65,23.635
0.01,95.03,23.629
0.05,95.01,23.66
0.05,95.41,23.714
0.01,95.39,23.771
0.015,95.63,23.768
0.02,95.87,23.765
0.0,95.87,23.703
0.0,95.79,23.664
0.0,95.87,23.638
-0.01,96.07,23.642
0.0,96.25,23.669
-0.02,96.23,23.667
0.0,96.23,23.683
-0.02,96.3,23.652
-0.02,96.58,23.596
-0.02,96.66,23.576
-0.02,96.68,23.615
-0.01,96.61,23.63
-0.01,96.68,23.614
0.0,96.99,23.583
0.0,97.09,23.621
-0.02,96.61,23.619
-0.04,96.99,23.613
-0.01,97.04,23.645
0.01,97.07,23.657
0.01,97.12,23.643
0.01,97.4,23.597
0.0,97.4,23.552
-0.02,97.42,23.531
0.01,97.5,23.505
-0.01,97.5,23.535
0.0,97.5,23.55
0.0,97.42,23.548
-0.01,97.45,23.513
-0.01,97.475,23.4985
-0.01,97.5,23.484
-0.01,97.55,23.586
0.01,97.8,23.6
0.01,97.8,23.575
0.01,97.8,23.531
0.01,97.9,23.493
0.0,97.93,23.486
0.0,97.83,23.537
-0.01,97.83,23.535
-0.01,97.9,23.505
-0.01,97.93,23.46
-0.015,97.915,23.463
-0.02,97.9,23.466
-0.02,97.93,23.469
0.0,97.93,23.472
0.01,97.9,23.454
0.015,97.875,23.439
0.02,97.85,23.424
0.02,97.88,23.407
0.02,97.93,23.383
0.04,97.83,23.342
0.02,97.8,23.35
0.015,97.8,23.366
0.01,97.8,23.382
0.0,97.78,23.348
0.01,97.7,23.347
-0.02,97.75,23.338
-0.31,97.75,23.33
0.01,97.78,23.293
0.05,97.8,23.282
-0.14,97.8,23.259
0.1,97.5,23.234
-0.01,97.45,23.242
0.02,97.52,23.224
-0.02,97.19,23.282
0.03,97.04,23.352
-0.01,96.2,23.382
-0.05,96.18,23.414
-0.1,95.85,23.447
-0.08,95.87,23.466
-0.02,95.79,23.461
0.04,95.46,23.472
0.035,95.435,23.479
0.03,95.41,23.486
0.04,95.46,23.519
-0.01,95.46,23.547
-0.01,95.41,23.565
0.0,95.36,23.579
0.02,95.19,23.619
0.01,95.16,23.669
0.07,94.98,23.702
0.15,95.01,23.719
0.03,94.93,23.738
0.025,94.78,23.775
0.02,94.63,23.812
0.02,94.52,23.83
0.05,94.24,23.817
-0.01,94.19,23.791
-0.01,94.28,23.783
-0.01,94.37,23.775
-0.02,94.47,23.775
-0.02,94.4,23.792
0.01,94.22,23.901
-0.14,94.22,23.939
-0.04,94.07,23.943
-0.02,93.79,23.99
0.01,93.81,24.012
-0.01,93.81,24.03
0.02,93.43,24.059
-0.06,93.33,24.068
0.07,93.05,24.061
0.0,92.92,24.107
0.02,92.755,24.1325
0.04,92.59,24.158
-0.01,92.44,24.153
-0.05,92.26,24.153
-0.01,92.16,24.148
0.02,92.11,24.199
-0.05,91.76,24.149
0.01,91.76,24.15
0.02,91.76,24.168
-0.03,91.73,24.151
-0.03,91.4,24.112
0.06,91.32,24.126
-0.02,91.53,24.138
0.08,91.32,24.129
0.01,91.32,24.083
-0.02,91.37,24.047
-0.01,91.36,24.045
0.0,91.35,24.043
-0.01,91.335,24.0255
-0.02,91.32,24.008
-0.05,91.27,24.015
-0.02,91.17,24.001
0.0,91.37,23.972
-0.05,91.5,23.9555
-0.1,91.63,23.939
-0.13,91.76,23.961
0.0,92.43,24.129
-0.01,94.92,24.101
-0.01,93.09,24.065
-0.01,93.47,24.081
0.02,93.14,24.069
-0.01,93.44,24.047
-0.02,93.99,24.028
0.01,94.53,24.012
-0.01,93.8,23.998
-0.01,93.17,23.974
0.0,92.27,23.97
0.01,93.22,23.969
-0.01,93.28,23.958
-0.01,93.58,23.95
0.01,93.63,23.947
-0.02,93.33,23.941
0.01,93.58,23.93
-0.01,94.23,23.922
0.0,93.42,23.913
0.0,93.44,23.893
0.01,93.2,23.867
0.01,92.92,23.866
0.0,92.98,23.846
-0.01,93.47,23.844
0.0,93.96,23.828
0.0,94.51,23.813
0.01,95.0,23.812
-0.01,95.54,23.804
-0.01,96.06,23.81
0.02,96.39,23.801
-0.01,96.74,23.794
0.0,97.04,23.783
-0.01,97.1,23.781
-0.01,97.34,23.782
-0.01,97.53,23.7735
-0.01,97.72,23.765
0.0,97.97,23.762
0.01,98.16,23.757
0.01,98.22,23.746
-0.01,98.43,23.74
0.0,98.54,23.739
-0.01,98.57,23.739
-0.01,98.63999999999999,23.7435
-0.01,98.71,23.748
0.01,98.76,23.742
0.005,98.58500000000001,23.740000000000002
0.0,98.41,23.738
0.01,98.76,23.729
0.01,98.95,23.725
0.0,99.14,23.718
-0.01,99.28,23.715
0.01,99.42,23.723
0.01,99.44,23.721
0.0,99.58,23.726
0.0,99.5,23.728
0.0,99.12,23.732
0.0,98.9,23.728
0.0,99.01,23.734
0.01,98.79,23.733
0.0,98.95,23.728
-0.01,98.71,23.722
-0.01,98.92,23.722
0.01,99.2,23.722
-0.02,99.36,23.716
0.02,99.42,23.711
-0.01,99.2,23.711
0.0,98.98,23.7
0.01,98.62,23.696
0.01,97.83,23.693
0.01,97.72,23.688
0.019999999999999997,97.6,23.682
0.03,97.48,23.676
0.02,96.63,23.68
0.02,96.61,23.685
0.05,95.84,23.682
0.01,95.49,23.68
0.02,95.6,23.686
0.01,95.71,23.685
0.01,95.6,23.696
0.01,95.65,23.7
0.0,95.62,23.703
0.02,95.65,23.715
-0.02,95.65,23.725
0.02,96.03,23.742
0.01,96.06,23.765
0.01,96.12,23.764
-0.01,95.9,23.765
-0.01,96.09,23.795
-0.01,96.28,23.798
0.01,96.22,23.823
0.0,96.17,23.837
0.0,96.5,23.882
0.0,96.77,23.877
-0.01,97.15,23.894
-0.01,97.32,23.919
-0.01,97.37,23.949
-0.01,97.29,23.969
0.0,97.21,23.987
-0.01,97.15,23.974
0.01,97.26,24.069
-0.01,97.34,24.08
-0.02,97.15,24.078
-0.015,97.18,24.1435
-0.01,97.21,24.209
0.0,96.96,24.178
0.01,97.15,24.232
-0.01,97.15,24.204
0.0,97.02,24.231
0.01,96.91,24.273
0.01,96.82,24.287
0.0,96.55,24.217
0.0,96.47,24.2325
0.0,96.39,24.248
0.01,96.09,24.281
0.0,96.47,24.304
-0.02,96.31,24.294
-0.01,96.28,24.313
0.01,96.31,24.394
-0.02,96.58,24.379
-0.01,96.63,24.381
0.0,96.52,24.309
0.01,96.55,24.384
0.0,96.58,24.308
0.0,96.33,24.381
0.01,96.28,24.502
-0.01,96.39,24.426
-0.01,96.36,24.379
0.02,96.17,24.391
-0.01,95.92,24.309
-0.01,96.03,24.324
-0.01,96.06,24.251
-0.01,96.03,24.256
-0.01,95.62,24.252
-0.01,95.62,24.216
-0.01,95.38,24.189
-0.01,96.09,24.165
0.0,96.47,24.106
-0.02,96.5,24.059
-0.01,96.36,24.062
-0.01,96.2,24.055
-0.01,96.44,24.03
0.0,96.66,24.016
-0.02,96.74,24.062
0.01,97.04,24.043
-0.02,97.37,24.032
0.01,97.75,23.999
0.01,98.16,24.049
-0.01,98.27,24.05
-0.01,98.11,24.051
0.01,98.0,24.019
0.0,98.19,24.0
0.0,98.24,23.997
0.01,98.0,23.987
0.01,97.81,23.988
-0.01,97.81,23.987
0.01,97.64,23.99
0.0,97.7,23.99
-0.01,98.0,23.961
0.0,98.32,24.014
0.01,98.46,24.023
0.0,98.54,24.047
0.0,98.49,24.007
0.01,98.73,23.975
0.0,98.98,23.969
0.01,99.22,23.982
0.01,99.12,23.967
-0.01,99.25,23.945
0.01,99.5,23.964
0.0,99.53999999999999,23.9765
-0.01,99.58,23.989
0.01,99.72,24.02
0.01,99.74,24.045
0.0,99.74,24.019
-0.01,99.85,23.991
0.01,99.96,23.992
0.01,99.88,24.046
0.0,99.93,24.043
0.0,100.04,23.984
0.01,100.15,24.022
0.01,100.29,24.099
0.0,100.42,24.1
0.01,100.64,24.055
0.0,100.78,24.025
0.0,100.89,23.987
-0.01,101.05,23.967
0.0,101.13,23.964
0.01,101.11,23.97
0.0,101.02,23.998
0.01,101.08,24.003
0.01,101.13,23.979
0.0,101.22,23.952
0.01,101.27,23.947
-0.01,101.27,23.934
0.01,101.32,23.914
0.0,101.0,23.895
0.02,101.08,23.894
0.0,101.35,23.905
0.0,101.54,23.909
0.03,101.68,23.908
0.0,101.62,23.911
-0.01,101.6,23.897
0.0,101.49,23.933
0.02,100.67,23.945
0.0,100.42,23.968
0.01,100.4,23.99
0.01,100.42,24.014
0.01,100.29,24.012
0.0,99.85,24.0
0.01,99.82,24.0
0.0,99.03,23.988
-0.04,97.51,23.989
0.0,97.42,23.978
0.0,98.02,23.967
0.02,98.3,23.95
0.02,97.92,23.946
0.02,97.78,23.94
0.02,98.32,23.937
0.01,98.79,23.96
0.01,98.68,23.977
0.01,98.76,24.0
0.015,99.13,24.011499999999998
0.02,99.5,24.023
0.01,96.58,24.026
-0.02,94.86,24.058
-0.005000000000000001,94.97,24.072
0.01,95.08,24.086
0.01,96.09,24.105
0.03,96.85,24.135
0.01,97.48,24.183
0.02,97.97,24.229
-0.01,96.85,24.269
-0.01,94.29,24.302
-0.01,94.78,24.246
0.0,95.0,24.281
-0.01,95.46,24.292
0.0,96.03,24.327
0.0,96.28,24.34
-0.01,96.77,24.449
0.01,96.93,24.494
-0.01,96.47,24.513
-0.01,96.225,24.548000000000002
-0.01,95.98,24.583
-0.02,94.92,24.622
-0.02,94.34,24.678
-0.02,94.45,24.668
0.0,95.22,24.564
-0.01,95.62,24.584
0.01,95.46,24.65
-0.01,94.42,24.707
0.04,95.16,24.737
0.0,95.35,24.704
-0.02,95.32,24.681
-0.01,93.82,24.634
0.0,94.7,24.619
0.0,95.73,24.577
-0.01,95.3,24.554
0.01,95.95,24.548
0.01,95.95,24.556
-0.01,95.46,24.568
0.0,94.29,24.584
0.02,93.99,24.631
0.01,94.75,24.637
0.02,94.78,24.65
-0.01,94.59,24.643
0.03,94.23,24.591
0.01,94.56,24.625
-0.01,95.05,24.62
0.02,94.97,24.636
0.01,95.11,24.649
0.02,93.44,24.609
-0.01,94.26,24.604
0.01,94.51,24.596
0.01,94.81,24.595
-0.02,94.12,24.598
0.0,94.56,24.565
0.0,95.02,24.551
0.0,94.89,24.565
-0.02,95.43,24.563
0.0,95.24,24.526
0.005,95.445,24.527
0.01,95.65,24.528
-0.02,95.41,24.579
-0.01,95.43,24.526
-0.01,95.57,24.48
0.0,95.9,24.489
-0.04,96.06,24.476
0.01,96.03,24.453
-0.01,95.24,24.411
0.0,95.82,24.418
-0.01,96.12,24.419
0.01,95.95,24.391
-0.01,96.58,24.408
0.0,97.02,24.417
0.01,97.32,24.39
0.02,97.48,24.353
0.01,97.12,24.342
0.0,97.34,24.354
-0.005,97.75,24.363
-0.01,98.16,24.372
0.02,98.6,24.334
0.02,98.43,24.341
-0.01,98.52,24.425
0.01,98.16,24.437
0.01,98.08,24.442
0.01,98.13,24.445
0.01,97.89,24.428
0.0,97.59,24.388
0.01,97.48,24.408
0.01,97.62,24.421
0.0,97.86,24.416
0.0,97.78,24.411
-0.01,97.97,24.398
0.01,98.24,24.408
-0.02,98.68,24.408
0.0,98.9,24.4
0.01,99.14,24.367
-0.01,99.12,24.34
0.0,99.12,24.345
0.01,99.01,24.351
-0.01,98.82,24.37
0.02,98.6,24.356
-0.02,98.52,24.405
0.01,98.35,24.427
0.01,98.52,24.436
0.01,98.79,24.439
0.0,98.68,24.414
0.01,98.73,24.431
0.02,98.95,24.438
0.01,99.03,24.429
0.01,99.12,24.428
0.01,99.14,24.448
0.01,98.92,24.427
-0.01,97.89,24.401
-0.01,97.64,24.414
0.01,97.7,24.41
0.0,97.75,24.404
0.01,97.48,24.386
-0.01,97.32,24.384
0.0,97.59,24.371
-0.01,97.48,24.351
0.02,97.18,24.33
0.01,97.07,24.313
0.0,96.8,24.302
0.0,97.1,24.296
0.0,97.4,24.29
0.0,97.7,24.284
-0.02,96.99,24.267
-0.01,96.91,24.261
-0.01,96.82499999999999,24.247999999999998
-0.01,96.74,24.235
-0.01,96.55,24.24
0.02,97.04,24.231
0.02,96.85,24.237
0.02,96.82,24.236
-0.02,96.61,24.227
0.02,95.65,24.242
0.02,95.73,24.266
0.04,95.0,24.28
0.01,94.15,24.284
0.02,93.91,24.269
0.01,93.91,24.284
0.05,95.11,24.261
0.02,95.87,24.247999999999998
-0.01,96.63,24.235
0.01,97.32,24.239
-0.01,97.26,24.234
-0.01,96.61,24.234
0.01,96.31,24.293
0.01,95.62,24.316
0.0,95.11,24.331
0.03,94.81,24.35
0.02,95.05,24.376
0.04,94.59,24.434
0.0,95.24,24.46
-0.02,95.08,24.433
-0.02,94.02,24.44
0.0,94.1,24.499000000000002
0.02,94.18,24.558
-0.03,93.96,24.574
0.01,94.21,24.578
-0.01,94.29,24.655
0.01,94.59,24.711
0.01,94.97,24.69
-0.03,94.94,24.797
-0.01,95.0,24.833
-0.02,94.1,24.856
0.01,94.32,24.95
-0.01,94.56,24.939
-0.01,93.66,25.053
0.0,93.39,25.028
-0.02,93.28,25.07
0.0,93.2,25.072
-0.03,92.98,25.177
-0.025,92.515,25.166
-0.02,92.05,25.155
-0.01,92.12333333333333,25.16766666666667
0.0,92.19666666666666,25.180333333333333
0.01,92.27,25.193
-0.01,92.38,25.261
0.01,92.6,25.262
0.01,92.62,25.252
0.015,92.825,25.277
0.02,93.03,25.302
-0.01,92.92,25.342
0.01,93.01,25.42
-0.01,92.79,25.445
0.01,92.0,25.434
-0.01,91.43,25.436
0.02,92.13,25.412
0.01,91.4,25.427
0.025,91.36,25.4235
0.04,91.32,25.42
-0.02,90.93,25.409
-0.005000000000000001,91.30000000000001,25.3345
0.01,91.67,25.26
-0.01,91.83,25.223
0.01,91.64,25.181
-0.04,91.75,25.163
-0.02,92.92,25.209
0.0,92.54,25.212
-0.03,92.9,25.183
0.0,94.48,25.157
0.01,93.2,25.138
-0.01,93.31,25.155
-0.02,93.47,25.142
-0.02,94.07,25.084
0.02,93.77,25.033
-0.01,93.96,25.025
0.01,94.37,25.005
0.0,94.81,25.0
-0.01,94.62,25.007
-0.01,94.42,25.03
0.01,94.26,25.056
0.01,94.4,25.066
0.02,94.45,25.069
-0.01,94.59,25.053
0.0,94.53,25.058
0.01,94.23,25.029
-0.01,94.51,25.001
0.02,93.74,24.975
0.02,94.26,24.961
0.01,94.75,24.969
0.0,95.24,24.977
0.01,95.49,24.958
0.01,95.65,24.928
0.01,95.95,24.926
0.01,95.98,24.911
-0.01,95.73,24.916
0.0,96.14,24.907
0.01,96.52,24.886
0.0,96.85,24.887
0.01,97.45,24.881
-0.01,97.4,24.905
0.01,96.44,24.897
0.0,95.9,24.926
-0.01,95.98,24.958
0.02,96.17,24.952
0.01,96.375,24.937
0.0,96.58,24.922
-0.01,96.8,24.905
0.0,96.935,24.894
0.01,97.07,24.883
0.01,97.04,24.872
0.0,96.82,24.873
0.0,97.07,24.867
0.0,96.85,24.848
0.0,96.82,24.835
0.0,97.18,24.833
-0.01,96.99,24.84
-0.01,96.66,24.822
0.01,96.72,24.843
-0.02,96.77,24.817
0.03,96.82,24.79
0.01,96.82,24.792
0.005,96.875,24.799
0.0,96.93,24.806
0.01,96.96,24.813
0.0,96.8,24.815
0.01,97.1,24.823
0.0,97.4,24.845
0.01,97.75,24.863
0.01,97.59,24.875
0.0,97.26,24.874
-0.01,97.45,24.868
0.01,97.48,24.849
0.01,97.62,24.82
0.0,97.48,24.806
-0.01,97.48,24.794
-0.01,97.34,24.78
0.0,97.4,24.755
0.01,97.02,24.744
0.0,96.74,24.724
0.0,97.15,24.714
0.01,97.1,24.712
0.01,96.66,24.676
0.0,96.66,24.701
0.0,96.66,24.697
0.01,96.31,24.697
0.0,96.72,24.713
0.01,96.88,24.726
0.005,96.935,24.724
0.0,96.99,24.722
0.02,96.93,24.723
0.0,96.61,24.725
0.01,95.22,24.727
0.01,96.09,24.742
0.01,96.91,24.742
0.02,96.22,24.766
0.01,95.46,24.773
0.01,95.35,24.778
0.0,95.95,24.778
0.02,95.98,24.792
0.04,94.92,24.787
0.01,94.34,24.789
0.015,94.875,24.799500000000002
0.02,95.41,24.81
-0.01,94.94,24.824
0.01,95.11,24.83
-0.01,95.24,24.829
0.02,94.97,24.84
-0.01,95.16,24.881
0.01,95.65,24.921
0.0,95.13,24.94
0.02,96.17,24.953
-0.01,95.57,24.973
-0.02,95.19,24.998
0.01,95.38,25.02
-0.03,95.57,24.991
-0.01,95.46,25.006
-0.02,95.43,25.024
-0.02,94.94,25.072
0.01,95.16,25.068
0.02,95.41,25.064
-0.01,95.19,25.068
-0.04,94.75,25.084
0.01,94.64,25.045
-0.02,94.51,25.08
0.0,95.02,25.067
0.01,95.32,25.08
0.01,95.05,25.087
-0.02,95.19,25.113
-0.02,95.92,25.112
0.01,95.57,25.087
1.0650000000000002,96.32,25.0845
2.12,97.07,25.082
1.64,96.2,25.063
0.01,93.03,25.035
0.01,91.51,25.021
0.04,94.32,25.032
0.02,94.94,25.015
0.1,95.43,25.028
0.09,94.75,25.072
0.01,94.12,25.094
0.01,93.85,25.097
0.01,95.13,25.081
0.0,96.36,25.101
0.03,96.47,25.088
0.01,96.33,25.046
0.0,96.47,25.058
0.02,96.85,25.174
0.02,96.01,25.147
-0.01,96.47,25.163
-0.01,95.84,25.142
-0.01,95.32,25.099
-0.02,96.22,25.064
-0.02,96.66,25.049
0.0,96.61,25.05
-0.01,96.42,25.015
-0.03,96.01,25.008
0.01,96.22,25.006
-0.02,96.31,24.984
-0.015,95.995,24.974
-0.01,95.68,24.964
0.0,95.87,24.976
-0.01,96.09,24.966
0.01,96.55,24.986
-0.01,96.69,24.939
-0.01,96.8,24.933
0.02,97.12,24.923
-0.01,97.59,24.915
0.01,97.45,24.948
-0.01,97.4,24.936
0.01,97.64,24.957
0.01,97.78,24.954
0.01,97.78,24.946
0.0,98.0,24.928
0.01,98.0,24.933
0.01,97.07,24.935
-0.01,97.83,24.927
0.01,98.62,24.92
0.0,99.01,24.927
0.01,98.76,24.939
0.01,98.595,24.945999999999998
0.01,98.43,24.953
0.01,98.27,24.926
0.0,98.22,24.928
0.02,98.24,24.931
0.0,98.19,24.922
0.01,98.02,24.908
0.0,98.0,24.896
0.01,97.78,24.873
0.01,96.99,24.825
0.01,96.58,24.849
0.0,96.5,24.892
0.0,96.74,24.882
0.01,96.72,24.879
-0.01,96.31,24.852
-0.01,94.34,24.839
-0.01,93.72,24.829
0.0,93.58,24.859
-0.01,94.34,24.879
0.0,94.42,24.872
-0.01,93.14,24.85
-0.01,93.2,24.849
0.0,93.36,24.849
0.0,93.58,24.85
0.0,94.42,24.829
0.01,94.89,24.833
0.0,94.92,24.81
0.01,95.08,24.827
0.01,95.3,24.848
0.01,95.9,24.861
-0.01,94.75,24.866
0.01,95.05,24.838
0.03,95.22,24.815
-0.01,95.41,24.821
0.0,94.4,24.797
0.01,94.83,24.762
-0.01,93.47,24.77
0.0,93.31,24.759
0.01,93.47,24.73
0.0,93.42,24.721
-0.01,93.09,24.75
0.01,93.25,24.743
-0.01,92.46,24.743
0.01,92.95,24.748
0.0,93.39,24.742
-0.01,92.68,24.734
0.0,92.73,24.726
0.02,93.09,24.74
-0.01,92.76,24.737
-0.01,92.92,24.716
0.01,93.12,24.713
0.01,93.06,24.698
0.0,93.39,24.692
0.0,92.41,24.693
0.0,91.32,24.652
0.0,90.88,24.67
0.0,90.63,24.661
0.02,90.5,24.659
0.01,91.23,24.665
-0.01,90.8,24.656
-0.01,90.17,24.667
-0.01,89.84,24.669
0.0,90.36,24.673
0.01,90.63,24.672
0.0,91.07,24.667
-0.01,91.56,24.628
0.01,91.64,24.646
0.02,91.73,24.653
0.02,93.06,24.651
-0.01,91.67,24.665
-0.01,91.1,24.67
0.0,90.47,24.651
-0.01,90.88,24.648
-0.01,90.72,24.69
0.0,91.29,24.712
-0.01,91.07,24.705
0.01,91.48,24.708
-0.01,91.7,24.732
-0.01,91.04,24.765
0.0,92.13,24.775
0.01,91.89,24.795
-0.01,91.56,24.811
0.01,91.45,24.825
-0.01,91.4,24.842
-0.01,91.78,24.882
0.01,91.89,24.881
0.0,92.0,24.893
0.01,92.03,24.893
-0.01,91.21,24.91
0.04,90.93,24.908
0.0,91.73,24.91
-0.01,91.4,24.916
0.02,91.64,24.935
0.02,91.23,24.951
-0.03,91.23,24.953
-0.02,91.7,24.949
0.03,91.45,24.974
0.01,90.74,24.979
0.01,91.055,24.964
0.01,91.37,24.949
-0.01,91.94,24.962
-0.04,91.02,24.944
-0.02,91.02,24.943
0.01,91.51,24.922
0.0,92.03,24.924
0.01,91.73,24.932
0.01,91.29,24.923
0.0,91.62,24.913
0.01,91.86,24.903
0.01,92.46,24.899
0.0,91.83,24.935
0.01,91.94,24.915
0.0,92.19,24.894
0.01,92.22,24.867
0.0,92.76,24.87
0.01,92.71,24.83
0.01,93.2,24.836
-0.01,93.03,24.813
0.0,93.01,24.803
-0.01,92.9,24.769
-0.02,93.2,24.781
-0.01,93.72,24.813
-0.01,93.77,24.818
-0.02,93.93,24.807
-0.01,94.04,24.796
-0.02,94.26,24.775
-0.005000000000000001,94.465,24.752
0.01,94.67,24.729
0.0,94.89,24.746
0.0,95.11,24.733
0.01,95.16,24.741
0.0,95.38,24.746
0.01,95.43,24.733
0.01,95.6,24.727
0.01,95.41,24.726
0.01,95.54,24.747
-0.01,95.71,24.758
0.01,95.35,24.746
-0.01,95.95,24.731
0.01,96.44,24.723
0.01,96.39,24.72
0.01,96.52,24.725
0.01,96.82,24.755
0.01,96.33,24.763
-0.01,96.25,24.753
0.04,96.2,24.737
0.04,95.79,24.723
-0.01,96.31,24.714
0.0,95.43,24.713
0.01,95.54,24.716
-0.01,95.49,24.733
0.01,95.82,24.743
0.07,96.01,24.743
0.06,95.62,24.725
0.0,94.97,24.728
0.02,95.43,24.725
0.01,95.9,24.723
0.01,96.55,24.722
0.01,96.66,24.728
0.07,95.87,24.73
0.16,94.59,24.719
0.32,92.71,24.693
0.4,91.18,24.666
0.13,95.68,24.664
0.02,94.56,24.678
0.05,92.41,24.671
0.05,94.75,24.685
0.02,95.11,24.712
0.17,92.95,24.711
0.04,91.75,24.706
0.02,92.0,24.719
0.02,92.82,24.724
0.01,93.09,24.714
0.01,92.82,24.705
0.01,92.24,24.696
0.0,92.43,24.69
0.0,92.9,24.689
0.0,92.98,24.685
0.0,92.38,24.69
-0.01,92.08,24.688
0.01,92.35,24.688
0.04,91.81,24.686
0.01,91.73,24.684
0.01,92.0,24.672
-0.01,90.88,24.678
-0.01,90.72,24.663
0.01,91.89,24.642
-0.01,91.97,24.635
0.01,91.73,24.599
0.01,91.94,24.603
-0.01,91.78,24.582
-0.01,92.33,24.592
-0.01,90.61,24.602
0.01,90.77,24.593
0.0,91.43,24.581
0.0,91.23,24.57
0.02,92.3,24.569
0.01,91.4,24.571
0.0,89.73,24.564
0.0,89.3,24.561
0.02,90.25,24.566
0.01,89.52,24.548
0.01,89.73,24.539
0.0,89.16,24.543
0.0,87.88,24.576
0.0,87.72,24.582
0.01,88.02,24.583
0.0,88.21,24.587
0.0,88.48,24.594
0.01,88.26,24.593
0.0,88.53,24.625
0.01,89.03,24.636
0.03,89.58500000000001,24.6405
0.05,90.14,24.645
0.0,90.66,24.66
0.0,89.79,24.702
-0.01,90.06,24.724
-0.02,89.08,24.737
0.01,89.63,24.754
0.005,89.71000000000001,24.7845
0.0,89.79,24.815
0.0,90.28,24.835
-0.005,90.075,24.829500000000003
-0.01,89.87,24.824
-0.01,89.68,24.877
0.0,89.87,24.901
-0.01,90.63,24.913
-0.01,89.82,24.93
0.0,90.23,24.935
-0.01,89.3,25.027
-0.01,89.57,25.088
0.0,89.82,25.09
0.0,90.06,25.108
0.0,89.54,25.19
0.01,89.52,25.189
0.0,90.25,25.187
-0.01,90.12,25.186
0.01,90.12,25.194
-0.01,90.03,25.202
0.0,89.84,25.206
-0.01,88.81,25.197
0.01,88.83,25.19
-0.01,88.37,25.24
0.01,89.27,25.23
0.01,88.97,25.224
0.01,88.89,25.206
0.0,88.34,25.192
0.01,88.73,25.183
0.01,88.34,25.175
0.01,88.48,25.199
-0.01,87.44,25.181
0.01,88.1,25.162
0.01,89.3,25.211
0.0,88.67,25.201
0.01,88.62,25.208
0.0,89.27,25.241
0.01,89.84,25.255
0.0,88.83,25.265
0.0,89.16,25.287
0.01,89.03,25.307
-0.01,89.63,25.336
-0.01,90.47,25.33
-0.01,90.17,25.295
-0.01,89.73,25.267
-0.02,89.95,25.275
-0.01,90.36,25.229
-0.02,90.5,25.175
-0.02,89.93,25.152
-0.01,90.09,25.183
-0.01,90.25,25.18
-0.01,91.1,25.218
0.0,90.74,25.204
-0.01,90.12,25.193
0.0,89.82,25.193
0.0,91.1,25.165
-0.01,91.94,25.169
0.0,92.13,25.14
0.0,92.215,25.1465
0.0,92.3,25.153
0.0,92.73,25.135
0.01,93.01,25.111
0.01,93.63,25.138
0.0,92.9,25.13
0.01,91.73,25.13
0.0,90.96,25.114
0.01,91.53,25.107
-0.01,90.88,25.105
0.0,91.7,25.073
0.01,91.51,25.075
0.005,91.85,25.0685
0.0,92.19,25.062
0.01,91.73,25.057
0.01,92.08000000000001,25.0505
0.01,92.43,25.044
0.0,92.46,25.035
0.0,92.43,25.032
0.0,91.89,25.032
0.0,91.15,25.011
0.01,90.69,24.981
0.0,90.91,24.972
0.01,90.5,24.965
0.0,90.69,24.965
0.01,91.02,24.971
0.0,90.96,24.967
-0.01,89.38,24.978
-0.01,88.92,24.965
0.0,89.46,24.986
0.0,89.13,24.988
0.0,89.73,24.976
0.0,89.63,24.969
0.0,90.12,24.972
0.0,89.3,24.96
-0.01,89.84,24.97
0.01,90.17,24.986
-0.01,89.73,24.978
-0.01,89.43,24.969
0.01,89.05,24.96
-0.01,89.9,24.946
0.01,89.11,24.942
0.0,90.03,24.948
0.0,89.3,24.941
0.01,90.03,24.928
0.01,89.54,24.936
0.01,90.12,24.928
-0.01,90.61,24.917
0.0,89.82,24.9
0.0,90.36,24.887
0.0,89.33,24.895
0.01,90.58,24.901
-0.02,90.25,24.893
0.01,90.01,24.884
-0.01,90.2,24.877
0.01,90.91,24.88
-0.01,89.65,24.878
0.0,89.49,24.871
0.0,89.33,24.873
0.0,90.28,24.865
0.01,90.12,24.85
0.0,89.49,24.846
-0.01,88.53,24.848
0.01,87.83,24.851
0.01,88.53,24.844
0.02,87.88,24.839
0.0,87.42,24.846
0.01,87.06,24.845
0.01,87.72,24.841
0.0,86.54,24.825
0.01,85.97,24.813
-0.01,87.44,24.827
0.0,88.34,24.835
-0.01,87.61,24.861
-0.01,87.44,24.859
0.0,86.95,24.865
0.01,86.76,24.868
0.0,85.67,24.87
0.01,85.34,24.893
-0.01,85.21,24.9
0.0,86.08,24.903
0.01,86.73,24.912
-0.01,87.39,24.929
0.0,88.45,24.943
0.0,87.23,24.936
0.01,87.77,24.959
0.0,87.21000000000001,24.9865
-0.01,86.65,25.014
0.0,86.0,25.043
0.0,86.95,25.045
-0.01,86.71,25.047
0.0,86.11,25.051
-0.01,87.36,25.099
0.0,87.06,25.133
0.01,87.09,25.165
-0.01,86.63,25.196
-0.01,86.33,25.200499999999998
-0.01,86.03,25.205
-0.01,85.755,25.189999999999998
-0.01,85.48,25.175
-0.01,85.43,25.177
0.0,86.38,25.183
0.01,85.89,25.195
0.01,86.27,25.216
-0.01,86.3,25.225
0.01,86.16,25.232
-0.01,86.63,25.242
0.01,86.05,25.257
0.01,86.22,25.301
0.0,86.19,25.315
0.01,87.06,25.309
0.01,87.23,25.323
0.01,86.22,25.352
0.01,86.93,25.379
0.01,87.31,25.361
0.0,85.97,25.346
0.0,86.38,25.347
0.01,86.03,25.339
0.01,85.53,25.329
0.01,86.35,25.351
-0.01,85.78,25.362
0.01,86.93,25.368
0.0,87.14,25.341
0.0,86.38,25.359
0.01,86.03,25.354
0.0,86.16,25.361
0.01,87.17,25.345
-0.01,86.65,25.338
-0.01,85.21,25.322
-0.01,84.8,25.283
-0.01,86.71,25.269
-0.02,85.89,25.269
-0.02,86.95,25.259
-0.02,87.42,25.247
-0.02,87.53,25.224
-0.01,88.04,25.235
-0.02,87.12,25.238
-0.01,87.06,25.239
-0.01,87.39,25.212
-0.01,87.69,25.19
-0.01,88.53,25.177
0.0,88.89,25.179
0.0,89.22,25.188
-0.01,89.27,25.177
0.0,88.94,25.165
0.0,88.29,25.172
0.0,88.53,25.19
0.01,88.7,25.177
0.0,88.32,25.173
0.0,88.86,25.195
0.0,87.61,25.174
0.01,88.92,25.149
0.01,88.89,25.158
0.0,89.27,25.135
0.01,88.97,25.125
0.0,88.48,25.126
0.0,88.78,25.129
0.0,88.67,25.125
0.0,88.37,25.111
0.01,89.03,25.1
0.005,88.88,25.088500000000003
0.0,88.73,25.077
0.0,88.92,25.077
0.01,89.22,25.073
0.01,89.11,25.055
-0.01,89.27,25.048
0.01,88.94,25.04
0.0,88.89,25.04
0.0,89.93,25.036
0.0,89.93,25.026
0.0,89.76,25.026
0.0,89.0,25.018
0.0,88.78,25.022
0.0,88.795,25.0155
0.0,88.81,25.009
0.01,89.73,25.013
0.0,90.17,25.014
-0.01,89.49,25.019
0.01,90.42,25.018
0.0,90.03,25.017
0.0,90.01,25.033
0.0,90.23,25.05
-0.01,90.25,25.045
0.0,90.01,25.034
0.0,90.17,25.026
0.01,89.54,25.019
0.01,89.84,25.02
0.01,89.38,25.018
0.0,89.63,25.019
0.0,89.16,25.015
0.01,89.71,25.01
-0.01,89.13,25.01
-0.01,88.83,25.0075
-0.01,88.53,25.005
0.01,88.53,25.001
0.0,88.07,24.991
0.0,88.23,24.998
0.01,88.59,24.997
0.0,88.56,24.986
0.0,89.41,24.988
-0.01,87.58,24.977
0.01,88.75,24.974
0.01,88.15,24.972
0.0,88.07,24.966
0.0,88.51,24.957
0.0,88.64,24.944
0.0,87.91,24.949
0.01,87.53,24.944
0.01,88.21,24.938
0.0,87.8,24.934
0.005,87.13,24.936500000000002
0.01,86.46,24.939
0.02,86.43,24.946
0.01,86.54,24.952
0.01,87.25,24.953
0.01,85.83,24.959
0.01,85.70333333333333,24.956666666666667
0.01,85.57666666666667,24.954333333333334
0.01,85.45,24.952
0.01,84.85,24.963
0.01,85.86,24.973
0.01,85.43,24.983
0.0,85.13,24.99
0.0,84.93,24.997
0.0,84.83,25.004
0.01,85.64,25.02
0.005,86.27000000000001,25.032
0.0,86.9,25.044
0.0,87.2,25.058
0.0,87.5,25.074
-0.01,87.25,25.093
0.0,87.305,25.111
0.01,87.36,25.129
0.0,87.74,25.146
0.005,87.74,25.171
0.01,87.74,25.196
-0.01,87.88,25.22
0.0,87.93,25.224
0.0,87.63,25.262
0.0,87.31,25.259
0.0,87.14,25.273
0.0,86.13,25.286
0.0,87.28,25.295
0.0,86.13,25.314
0.01,86.84,25.344
-0.01,86.93,25.359
-0.01,87.01,25.357
0.0,87.44,25.351
0.0,87.23,25.382
-0.01,88.26,25.387
0.01,88.18,25.399
-0.01,88.26,25.437
0.0,88.275,25.4615
0.01,88.29,25.486
0.01,87.72,25.498
0.01,86.84,25.511
0.01,87.01,25.487
0.01,87.55,25.513
0.01,87.12,25.513
0.0,86.76,25.529
0.0,87.25,25.546
0.01,86.65,25.528
0.01,87.72,25.495
0.0,87.01,25.53
0.0,85.81,25.528
0.01,86.73,25.51
0.01,85.7,25.474
0.0,86.35,25.493
0.01,86.54,25.474
0.0,86.24,25.445
0.0,85.53,25.401
0.0,85.7,25.397
-0.01,85.89,25.422
-0.01,86.11,25.407
-0.02,87.06,25.386
-0.02,86.49,25.381
-0.025,86.41,25.37
-0.03,86.33,25.359
-0.02,85.73,25.364
-0.02,86.38,25.393
-0.02,86.9,25.36
-0.01,86.54,25.332
-0.01,86.65,25.308
-0.01,87.69,25.277
-0.01,87.58,25.27
-0.01,87.72,25.287
-0.01,86.35,25.27
0.0,87.63,25.235
0.0,87.865,25.235500000000002
0.0,88.1,25.236
0.01,87.74,25.206
0.01,88.21,25.205
-0.01,88.43,25.19
0.0,88.13,25.168
0.01,87.91,25.179
-0.01,87.8,25.186
0.0,88.21,25.187
0.0,88.94,25.191
0.01,88.94,25.196
0.01,88.21,25.188
0.0,88.34,25.184
0.0,88.92,25.186
0.0,89.33,25.177
0.01,88.59,25.186
0.0,88.32,25.171
0.0,88.525,25.177999999999997
0.0,88.73,25.185
0.01,88.62,25.174
-0.01,88.7,25.169
0.0,89.84,25.157
-0.01,89.65,25.144
0.01,89.05,25.162
0.01,89.52,25.162
-0.01,88.83,25.164
0.0,88.23,25.158
0.01,88.32,25.141
0.0,88.7,25.13
0.0,88.97,25.126
0.0,89.35,25.117
0.0,89.22,25.114
0.0,90.09,25.123
0.01,89.03,25.125
0.0,88.86,25.13
-0.01,88.83,25.119
0.0,88.43,25.105
0.01,88.26,25.089
-0.01,88.67,25.091
0.0,88.89,25.097
0.01,89.16,25.097
-0.01,89.0,25.095
0.01,88.4,25.097
0.0,88.23,25.105
0.0,89.19,25.101
0.01,88.78,25.095
-0.01,89.76,25.099
0.01,89.3,25.097
0.0,89.87,25.087
0.0,89.16,25.088
0.01,89.63,25.074
0.0,89.73,25.076
0.0,89.84,25.084
-0.01,88.67,25.08
0.01,89.71,25.073
0.005,89.9,25.07
0.0,90.09,25.067
-0.01,88.67,25.063
0.0,89.0,25.063
0.0,90.83,25.064
0.01,91.7,25.061
-0.01,89.79,25.053
0.0,88.67,25.041
-0.01,88.32,25.036
0.01,88.02,25.037
0.0,87.23,25.032
0.02,87.83,25.034
0.02,87.12,25.037
0.01,87.28,25.041
0.0,87.03,25.061
0.0,87.03,25.074
0.01,87.53,25.078
0.01,87.23,25.085
0.02,87.2,25.094
0.0,86.84,25.099
0.02,88.29,25.091
-0.01,88.59,25.113
-0.01,87.88,25.123
-0.01,86.79,25.129
-0.01,87.23,25.134
0.0,86.35,25.142
0.0,86.05,25.149
0.01,86.35,25.153
0.01,87.66,25.161
-0.01,87.77,25.174
0.02,87.72,25.171
-0.01,87.83,25.189
0.01,87.31,25.195
-0.01,88.32,25.2
0.01,88.32,25.212
-0.01,87.72,25.233
-0.01,87.28,25.236
0.01,87.96,25.238
-0.01,87.85,25.24
0.0,87.58,25.248
-0.02,87.14,25.255
0.01,88.51,25.272
0.0,88.15,25.281
-0.01,86.65,25.312
0.0,88.15,25.301
0.0,87.69,25.315
0.0,87.91,25.329
0.01,88.51,25.325
0.01,87.53,25.333
-0.01,88.02,25.354
0.01,88.23,25.359
0.0,88.59,25.376
-0.01,86.87,25.407
-0.01,87.63,25.411
0.01,85.4,25.421
0.0,85.64,25.423
0.01,86.73,25.413
0.01,88.13,25.41
0.0,87.065,25.402
-0.01,86.0,25.394
0.01,86.11,25.384
0.01,86.08,25.396
0.0,85.7,25.409
0.01,86.38,25.408
0.0,85.73,25.421
0.01,86.95,25.417
-0.01,86.49,25.417
0.0,84.83,25.401
0.01,85.02,25.397
0.01,84.63,25.376
0.01,85.23,25.373
-0.01,84.93,25.351
-0.01,84.93,25.346
0.01,87.06,25.328
0.0,86.16,25.324
-0.02,86.68,25.315
-0.015,87.185,25.2955
-0.01,87.69,25.276
-0.02,87.39,25.284
-0.01,88.04,25.266
-0.015,88.015,25.2395
-0.02,87.99,25.213
0.0,87.33,25.202
-0.01,88.21,25.177
0.0,88.43,25.19
0.0,87.66,25.188
0.01,87.83,25.188
0.0,88.7,25.188
-0.01,88.32,25.183
0.0,88.4,25.175
0.01,88.86,25.167
0.01,89.24,25.146
0.0,89.19,25.133
0.01,89.27,25.133
0.01,89.0,25.116500000000002
0.01,88.73,25.1
-0.01,87.69,25.091
0.01,88.51,25.076
0.0,88.21,25.104
0.0,88.89,25.102
0.0,88.81,25.089
0.01,89.3,25.114
0.01,89.82,25.113
0.0,90.01,25.103
0.01,90.96,25.102
0.0,90.61,25.111
0.0,91.23,25.106
0.0,91.45,25.078
0.01,91.26,25.081
0.0,91.04,25.081
0.0,91.04,25.066
0.01,90.96,25.066
0.0,91.94,25.076
0.01,91.94,25.079
0.01,91.51,25.076
0.0,91.45,25.075
0.01,91.34,25.083
0.0,91.64,25.077
-0.01,91.1,25.069
0.0,91.51,25.085
0.01,92.33,25.077
0.0,92.19,25.072
0.0,92.27,25.063
0.0,92.03,25.083
0.01,92.24,25.083
0.0,91.59,25.085
0.0,91.15,25.093
-0.01,92.19,25.097
0.01,92.0,25.094
0.0,92.22,25.093
0.01,92.0,25.099
0.01,92.82,25.103
-0.01,92.03,25.109
-0.01,91.81,25.111
-0.01,91.59,25.113
0.01,92.33,25.112
0.0,91.53,25.112
0.01,91.62,25.104
0.0,91.48,25.105
0.0,91.59,25.11
-0.01,91.92,25.106
0.01,91.62,25.101
-0.01,90.63,25.106
0.01,91.64,25.113
0.0,92.0,25.115
0.01,92.57,25.109
0.98,99.74,25.09
0.25,98.76,25.089
0.03,98.52,25.094
0.04,98.24,25.094
0.65,97.32,25.094
0.76,99.22,25.104
0.18,97.94,25.108
0.0,98.68,25.117
0.06,97.37,25.113
0.05,96.28,25.108
0.05,95.05,25.11
0.08,94.42,25.114
0.04,93.33,25.122
0.01,93.36,25.13
-0.01,93.72,25.127
0.01,93.8,25.128
0.01,92.95,25.134
0.0,93.36,25.15
0.01,93.14,25.162
-0.01,92.16,25.184
0.0,91.67,25.198
-0.01,91.7,25.204
-0.005,92.03999999999999,25.2105
0.0,92.38,25.217
0.0,92.46,25.225
-0.01,92.46,25.258
-0.01,92.27,25.278
-0.01,92.24,25.281
-0.01,92.52,25.289
-0.01,91.78,25.292
-0.01,91.26,25.296
0.01,91.75,25.312
-0.01,90.85,25.33
-0.02,90.17,25.342
-0.02,89.43,25.354
-0.01,89.35,25.374
-0.01,89.3,25.384
0.01,90.25,25.399
-0.01,89.46,25.396
-0.01,89.11,25.391
-0.02,89.05,25.396
0.02,90.01,25.405
-0.02,89.38,25.419
-0.01,88.7,25.418
-0.01,89.11,25.42
-0.01,88.23,25.42
0.0,88.97,25.408
0.01,89.54,25.42
0.0,89.49,25.434
0.0,89.65,25.445
0.0,89.38,25.442
-0.01,89.76,25.449
-0.02,87.61,25.46
0.0,88.45,25.448
-0.01,88.4,25.427
0.02,87.88,25.427
-0.01,88.64,25.405
0.0,88.26,25.394
0.0,89.52,25.395
-0.01,88.89,25.413
0.01,89.68,25.416
-0.01,89.22,25.408
-0.01,89.16,25.414
-0.01,88.13,25.394
0.01,88.4,25.402
0.01,89.52,25.408
0.0,90.14,25.408
-0.01,89.63,25.41
-0.01,90.09,25.406
-0.02,89.24,25.393
-0.01,90.69,25.38
-0.02,90.66,25.369
-0.02,90.12,25.361
0.01,90.85,25.355
-0.01,89.9,25.35
-0.01,89.65,25.344
0.01,89.38,25.351
0.01,89.41,25.341
0.0,89.545,25.3315
-0.01,89.68,25.322
-0.01,89.24,25.314
0.01,88.89,25.307
0.01,91.26,25.304
0.02,91.92,25.299
0.0,91.7,25.295
-0.01,91.73,25.291
0.0,89.46,25.29
-0.01,89.95,25.281
-0.01,89.46,25.279
0.0,89.41,25.274
0.01,89.46,25.274
0.0,90.17,25.272
0.01,90.17,25.272
-0.02,89.22,25.279
0.03,90.31,25.274
-0.01,90.31,25.265
-0.01,89.03,25.26
-0.01,89.73,25.254
0.0,90.01,25.247
-0.01,90.31,25.243
0.0,90.28,25.257
0.0,90.53,25.251
-0.01,90.31,25.246
0.0,89.84,25.253
0.005,90.155,25.2545
0.01,90.47,25.256
-0.01,91.07,25.258
-0.01,91.23,25.267
-0.01,89.76,25.262
0.0,89.98,25.248
0.0,89.98,25.25
0.0,90.2,25.239
0.01,89.9,25.237
-0.01,89.43,25.235
-0.02,88.94,25.227
0.01,88.86,25.231
0.01,89.79,25.239
0.0,89.38,25.228
0.01,89.9,25.223
0.01,89.46,25.218
-0.02,89.24,25.226
-0.01,89.46,25.237
0.01,89.84,25.236
0.0,90.12,25.225
0.01,89.82,25.208
0.01,89.73,25.202
-0.01,89.11,25.205
0.01,89.27,25.198
0.0,89.3,25.198
-0.01,89.27,25.198
0.0,89.22,25.187
0.0,89.79,25.18
0.0,89.82,25.193
-0.01,88.56,25.18
0.0,89.05,25.174
-0.01,88.97,25.191
-0.006666666666666666,89.00666666666666,25.19033333333333
-0.003333333333333333,89.04333333333334,25.189666666666668
0.0,89.08,25.189
0.01,89.27,25.188
0.01,89.6,25.195
0.02,90.44,25.184
0.02,90.55,25.182
-0.03,89.27,25.183
-0.02,89.43,25.187
0.0,89.49,25.182
0.0,89.3,25.181
0.01,89.16,25.175
-0.02,88.7,25.183
0.01,88.92,25.186
0.005,87.88,25.186500000000002
0.0,86.84,25.187
0.02,87.63,25.181
-0.01,87.93,25.188
-0.01,86.9,25.183
-0.02,85.92,25.175
0.01,85.97,25.187
0.0,86.49,25.198
0.01,87.99,25.195
0.0,87.91,25.206
0.0,87.31,25.209
-0.01,87.61,25.222
0.0,87.28,25.232
0.01,86.73,25.245
0.0,87.2,25.255
0.0,87.83,25.267
0.01,88.29,25.264
-0.01,88.15,25.277
-0.02,88.02,25.289
-0.015,88.55,25.299500000000002
-0.01,89.08,25.31
0.01,88.89,25.32
-0.01,89.3,25.337
-0.01,88.13,25.34
-0.02,87.77,25.349
0.01,88.29,25.356
0.01,88.59,25.355
-0.01,88.4,25.375
0.01,88.07,25.358
-0.02,87.5,25.373
0.0,87.83,25.387
0.0,87.55,25.394
-0.02,87.39,25.371
0.0,87.06,25.386
0.01,87.47,25.402
0.01,87.88,25.409
0.01,88.07,25.41
0.01,88.23,25.434
-0.02,88.75,25.433
0.02,87.88,25.416
0.0,86.87,25.43
0.01,87.74,25.433
0.0,87.47,25.437
0.0,86.6,25.44
-0.01,85.64,25.438
0.01,86.27,25.429
0.01,86.63,25.448
0.0,86.16,25.445
-0.01,86.73,25.445
-0.01,85.81,25.454
-0.01,86.65,25.451
0.01,87.2,25.45
0.01,86.82,25.444
0.0,85.48,25.437
0.01,86.98,25.442
0.01,85.83,25.433
0.0,86.38,25.431
-0.01,85.78,25.431
0.0,87.42,25.41
0.01,86.95,25.401
-0.01,89.79,25.382
0.0,90.39,25.382
-0.01,89.73,25.342
0.0,89.65,25.324
-0.01,89.65,25.327
-0.01,88.83,25.321
-0.02,89.3,25.315
-0.01,88.26,25.32
-0.01,86.82,25.309
-0.01,85.75,25.302
-0.01,85.53,25.296
-0.01,85.15,25.287
0.0,85.64,25.283
0.0,85.02,25.267
0.0,85.43,25.261
-0.01,84.25,25.265
0.01,84.61,25.265
-0.01,85.53,25.259
-0.01,84.83,25.273
-0.01,84.12,25.272
0.0,85.07,25.256
0.0,84.2,25.241
0.0,83.63,25.234
0.01,84.66,25.236
0.0,84.31,25.235
-0.01,82.75,25.227
-0.01,84.33,25.218
0.01,83.95,25.219
0.0,83.68,25.217
0.01,84.61,25.229
0.0,85.13,25.21
-0.02,84.39,25.205
0.0,84.5,25.195
-0.01,83.9,25.2
-0.01,82.37,25.203
0.01,83.52,25.193
-0.01,83.41,25.191
0.0,81.94,25.2
0.01,82.1,25.194
0.0,83.27,25.188
-0.01,82.94,25.186
-0.01,83.0,25.181
-0.01,82.48,25.17
0.0,82.64,25.162
0.01,82.04,25.164
-0.01,82.86,25.177
0.01,82.51,25.168
0.005,82.21000000000001,25.161
0.0,81.91,25.154
0.01,82.73,25.15
0.0,83.0,25.154
0.0,83.76,25.152
0.01,84.39,25.146
0.0,84.14,25.141
0.0,85.02,25.125
-0.02,84.06,25.129
0.0,83.79,25.133
0.01,83.19,25.132
0.0,81.85,25.135
0.0,82.21,25.131
0.0,83.33,25.125
0.02,83.24,25.123
0.015,83.46000000000001,25.1175
0.01,83.68,25.112
-0.01,84.55,25.106
-0.01,84.58,25.101
-0.01,84.61,25.096
0.01,83.54,25.099
-0.01,82.81,25.093
0.0,82.94,25.089
-0.01,83.22,25.083
0.02,83.98,25.078
-0.01,83.05,25.073
-0.01,82.43,25.063
0.01,83.71,25.054
0.0,83.98,25.063
-0.01,83.35,25.067
-0.01,83.54,25.068
-0.01,83.17500000000001,25.061
-0.01,82.81,25.054
0.0,82.86500000000001,25.0475
0.01,82.92,25.041
0.01,83.11,25.044
0.01,84.01,25.044
0.01,83.52,25.042
0.01,81.58,25.037
0.01,81.88,25.041
-0.02,82.45,25.042
0.02,82.62,25.039
0.01,82.83,25.037
0.005,82.3,25.0395
0.0,81.77,25.042
0.01,82.92,25.042
0.02,83.27,25.039
-0.01,82.48,25.039
0.02,83.24,25.045
0.0,83.71,25.056
0.0,83.49,25.058
-0.01,83.16,25.062
0.01,83.93,25.084
-0.01,83.68,25.094
-0.01,83.08,25.09
0.01,83.6,25.107
0.0,83.9,25.109
-0.02,82.94,25.115
-0.01,83.03,25.121
0.0,83.76,25.127
-0.005,83.17500000000001,25.1505
-0.01,82.59,25.174
-0.006666666666666666,82.94333333333334,25.176
-0.003333333333333333,83.29666666666667,25.178
0.0,83.65,25.18
0.0,83.6,25.183
0.0,83.24,25.192
0.01,84.66,25.197
-0.01,83.82,25.206
0.0,83.6,25.224
0.0,83.26333333333334,25.230666666666668
0.0,82.92666666666666,25.237333333333332
0.0,82.59,25.244
0.01,83.6,25.266
0.01,83.33,25.242
-0.01,83.16,25.258
0.0,82.94,25.298
-0.005,83.295,25.281999999999996
-0.01,83.65,25.266
0.02,84.25,25.256
0.01,84.17,25.293
0.01,83.68,25.329
0.0,83.76,25.338
0.01,84.25,25.331
-0.01,84.58,25.308
0.0,84.25,25.288
0.01,85.48,25.315
0.01,84.17,25.328
0.01,85.1,25.317
0.01,84.935,25.319499999999998
0.01,84.77,25.322
0.01,84.93,25.328
0.0,84.31,25.312
0.01,84.2,25.292
0.01,84.36,25.316
0.0,84.61,25.328
0.01,84.88,25.325
-0.01,84.69,25.297
-0.01,85.18,25.292
-0.01,84.42,25.293
-0.015,84.72,25.2785
-0.02,85.02,25.264
-0.01,85.51,25.28
0.0,85.13,25.284
-0.02,85.62,25.279
-0.02,85.26,25.272
-0.02,84.96,25.279
-0.01,84.88,25.259
0.0,85.29,25.241
0.0,85.75,25.216
0.005,86.405,25.2185
0.01,87.06,25.221
0.01,86.995,25.223
0.01,86.93,25.225
0.0,87.23,25.22
-0.01,87.06,25.222
0.0,86.87,25.2235
0.01,86.68,25.225
-0.01,87.01,25.216
0.02,87.91,25.212
0.0,88.1,25.206
0.0,88.62,25.226
-0.01,88.83,25.234
0.0,89.57,25.235
0.01,89.76,25.245
0.01,89.19,25.244
0.01,89.6,25.242
0.01,89.79,25.24
0.0,91.15,25.228
0.01,91.26,25.222
0.0,90.23,25.219
-0.01,89.49,25.215
0.01,90.03,25.211
0.01,90.31,25.222
0.01,89.82,25.229
0.01,89.79,25.217
0.0,90.25,25.222
0.01,90.88,25.217
-0.01,90.58,25.208
0.0,90.5,25.205
0.01,90.66,25.204
0.0,90.99,25.201
0.0,90.69,25.196
0.01,90.5,25.201
-0.01,90.93,25.193
0.01,90.53,25.188
-0.01,90.8,25.182
0.02,91.15,25.181
0.01,91.78,25.17
-0.01,91.7,25.179
0.0,91.4,25.189
0.01,91.23,25.182
0.01,92.03,25.18
-0.01,91.62,25.173
0.01,91.45,25.163
0.0,91.94,25.161
-0.01,91.86,25.157
0.0,92.03,25.155
0.01,92.54,25.156
-0.02,92.08,25.164
0.0,91.94,25.167
0.01,92.3,25.161
-0.01,92.11,25.169
0.01,92.03,25.175
0.01,92.08,25.191
0.01,92.13,25.19
0.01,92.19,25.194
-0.01,91.62,25.191
-0.01,91.78,25.197
-0.01,92.22,25.199
-0.01,92.38,25.199
0.01,91.92,25.197
0.0,92.27,25.194
0.02,92.62,25.189
-0.01,92.62,25.188
0.02,93.2,25.192
-0.01,93.5,25.191
0.02,93.28,25.192
0.0,93.22,25.191
0.02,92.65,25.193
0.02,90.99,25.2
-0.01,90.77,25.21
0.03,91.43,25.219
0.02,91.34,25.217
0.0,90.77,25.227
0.01,90.09,25.237
0.02,90.2,25.251
0.01,90.58,25.258
0.01,90.5,25.269
0.0,91.07,25.278
0.01,92.11,25.281
0.01,92.9,25.283
0.0,92.54,25.287
-0.01,91.92,25.286
0.02,91.56,25.285
0.01,91.34,25.283
0.05,91.62,25.298
0.02,92.22,25.308
0.01,91.64,25.317
0.24,91.73,25.32
0.0,91.81,25.322
-0.01,92.0,25.328
-0.04,92.41,25.328
0.0,92.43,25.344
0.0,91.59,25.356
-0.02,91.04,25.365
0.01,90.77,25.388
0.01,90.8,25.404
0.04,91.1,25.433
0.01,90.96,25.456
0.02,91.51,25.462
0.03,91.43,25.494
0.02,91.51,25.539
0.0,91.67,25.567
0.02,91.45,25.587
-0.01,91.51,25.602
0.03,91.23,25.619
-0.01,91.7,25.624
0.02,91.43,25.653
0.01,91.04,25.674
-0.02,90.93,25.726
0.01,90.63,25.727
0.01,91.45,25.708
0.0,91.15,25.699
0.14,90.44,25.6765
0.28,89.73,25.654
2.8,93.91,25.63
0.45,93.99,25.557
0.28,94.04,25.531
0.14,94.7,25.512
0.03,94.86,25.512
-0.04,95.41,25.486
-0.02,95.49,25.486
0.0,95.84,25.473
0.01,95.3,25.461
0.0,94.45,25.448
-0.01,93.52,25.439
0.02,92.92,25.449
-0.01,92.87,25.443
0.01,94.15,25.427
0.01,94.12,25.437
-0.01,94.64,25.435
0.01,94.81,25.432
-0.01,94.81,25.44
-0.01,93.91,25.439
0.0,94.26,25.424
0.0,94.12,25.421
0.01,93.99,25.435
-0.01,94.45,25.431
0.01,94.48,25.438
0.0,94.32,25.442
-0.01,94.29,25.445
0.01,94.51,25.44
0.0,94.83,25.429
0.01,94.18,25.417
-0.01,93.44,25.424
-0.01,93.33,25.417
-0.01,93.47,25.403
0.0,94.18,25.39
0.0,94.15,25.392
0.01,93.5,25.396
0.0,92.82,25.387
0.01,92.79,25.376
0.0,93.06,25.371
0.005,93.33500000000001,25.362000000000002
0.01,93.61,25.353
0.01,93.96,25.352
0.46,94.26,25.351
0.47,94.26,25.35
0.05,94.32,25.347
0.07500000000000001,93.375,25.3425
0.1,92.43,25.338
0.04,91.73,25.339
0.07,92.08,25.336
0.04,91.67,25.327
0.01,91.56,25.312
0.03,91.94,25.307
0.0,92.43,25.297
0.01,92.41,25.286
-0.01,91.86,25.288
0.01,92.22,25.279
-0.01,92.11,25.274
0.0,92.52,25.271
0.0,92.285,25.2665
0.0,92.05,25.262
0.0,92.0,25.252
-0.01,91.89,25.252
0.01,91.81,25.245
-0.02,91.1,25.237
0.0,90.8,25.231
-0.01,91.21,25.227
0.01,91.83,25.222
-0.01,91.4,25.215
0.0,91.07,25.218
0.02,91.48,25.212
-0.01,91.45,25.215
0.05,91.75,25.211
-0.01,91.21,25.201
0.0,90.74,25.207
0.01,91.1,25.201
0.01,91.015,25.201999999999998
0.01,90.93,25.203
0.0,91.37,25.197
0.0,91.15,25.195
0.0,91.02,25.195
-0.01,90.53,25.187
0.0,91.02,25.184
0.01,90.39,25.183
0.0,91.13,25.169
0.01,90.77,25.163
0.0,90.53,25.157
-0.01,90.72,25.152
0.0,90.61,25.148
0.0,90.03,25.144
0.01,90.5,25.136
0.0,91.26,25.13
0.0,91.26,25.125
0.01,90.66,25.134
-0.01,90.47,25.132
0.01,90.61,25.132
-0.01,89.57,25.135
-0.01,89.73,25.147
0.02,89.87,25.163
-0.01,89.87,25.164
0.01,90.33,25.17
0.01,90.42,25.168
-0.01,89.82,25.172
0.01,89.41,25.171
0.01,88.75,25.172
0.0,87.99,25.17
0.0,89.19,25.159
0.01,88.81,25.174
0.01,89.11,25.176
-0.01,87.74,25.189
-0.01,87.69,25.187
-0.01,86.16,25.185
0.01,87.31,25.201
0.0,88.62,25.198
0.01,89.11,25.21
-0.01,87.85,25.216
0.0,87.39,25.23
-0.01,87.58,25.238
0.01,87.55,25.245
-0.01,87.47,25.271
0.01,87.39,25.281
0.02,87.91,25.261
-0.01,87.47,25.273
0.01,87.63,25.291
-0.01,87.93,25.317
-0.01,87.63,25.316
0.0,88.07,25.337
0.0,87.12,25.342
-0.01,86.98,25.352
-0.01,86.71,25.344
-0.01,86.33,25.354
0.0,86.52,25.346
-0.01,86.33,25.363
-0.01,86.9,25.357
0.0,86.71,25.35
0.01,86.98,25.34
0.0,86.73,25.351
-0.01,87.14,25.373
-0.01,86.41,25.371
0.0,86.3,25.366
0.01,85.64,25.373
-0.02,85.62,25.379
0.01,85.62,25.401
0.01,85.21,25.424
-0.01,85.45,25.433
0.01,85.97,25.441
0.0,85.56,25.449
0.01,86.24,25.444
0.0,85.21,25.456
0.0,84.83,25.472
0.0,83.46,25.452
0.01,83.57,25.427
0.02,84.12,25.423
0.01,84.53,25.415
0.01,84.61,25.381
-0.01,84.44,25.391
0.01,85.1,25.391
-0.01,84.83,25.371
0.0,85.07,25.383
0.01,85.37,25.383
-0.01,85.43,25.374
0.0,86.22,25.358
-0.01,86.43,25.35
0.0,85.92,25.339
0.0,85.7,25.328
-0.005,85.42500000000001,25.328
-0.01,85.15,25.328
-0.02,85.62,25.311
0.0,86.43,25.31
-0.02,86.68,25.297
-0.01,85.45,25.285
-0.01,85.94,25.281
-0.01,85.94,25.289
0.01,85.59,25.291
0.0,86.08,25.29
-0.01,86.52,25.292
-0.01,86.0,25.29
0.01,86.3,25.291
0.0,86.08,25.286
0.01,87.06,25.286
0.0,86.63,25.273
0.01,87.03,25.274
-0.01,87.8,25.271
-0.01,87.12,25.257
0.01,87.03,25.248
0.0,87.72,25.23
0.0,87.77,25.226
0.0,87.91,25.223
0.0,86.9,25.227
-0.01,86.41,25.226
0.0,86.38,25.216
0.01,86.35,25.206
0.0,86.9,25.19
-0.01,86.57,25.173
0.0,87.28,25.163
0.01,87.99,25.16
0.0,87.72,25.155
0.0,87.47,25.148
0.0,87.58,25.142
0.0,87.99,25.136
0.01,87.74,25.135
-0.01,87.85,25.132
0.01,88.4,25.132
0.0,88.67,25.131
0.01,88.26,25.112
-0.01,88.81,25.105
0.01,88.18,25.106
-0.01,88.34,25.088
-0.01,88.1,25.09
0.01,87.96,25.1
0.0,88.04,25.072
0.01,88.83,25.071
0.0,88.97,25.074
0.01,88.97,25.08
-0.01,88.56,25.085
0.01,88.86,25.075
0.0,88.81,25.062
0.005,89.315,25.0485
0.01,89.82,25.035
0.01,90.2,25.045
0.01,88.75,25.038
-0.01,89.0,25.047
0.01,89.33,25.053
0.0,88.73,25.059
0.01,89.33,25.058
0.0,89.33,25.049
0.0,89.35,25.044
0.0,89.27,25.044
0.01,89.49,25.054
-0.01,89.52,25.058
0.0,89.9,25.0705
0.01,90.28,25.083
0.0,90.09,25.092
-0.01,89.87,25.083
0.01,90.74,25.108
0.01,90.12,25.132
-0.01,90.28,25.14
0.01,90.74,25.145
0.07,92.05,25.15
0.19,94.12,25.151
-0.01,93.63,25.151
-0.01,93.25,25.15
0.0,93.01,25.151
0.01,92.84,25.153
0.04,90.53,25.153
0.01,91.02,25.143
0.01,90.8,25.143
0.02,89.84,25.146
0.01,90.66,25.146
0.01,90.47,25.146
0.01,89.65,25.152
-0.01,89.63,25.163
0.01,89.19,25.167
-0.01,89.46,25.18
0.01,89.27,25.177
0.0,89.24,25.192
0.01,89.9,25.202
0.0,89.08,25.226
-0.01,89.33,25.227
-0.01,89.0,25.252
-0.01,89.19,25.27
0.0,89.38,25.273
0.0,89.65,25.294
0.0,89.57,25.323
-0.01,90.53,25.325
-0.01,89.82,25.322
-0.01,89.79,25.352
-0.01,89.9,25.366
0.01,89.93,25.392
-0.01,89.3,25.416
0.0,89.76,25.44
0.0,90.14,25.428
-0.01,90.39,25.424
-0.01,90.58,25.45
0.0,89.38,25.461
-0.01,89.08,25.482
0.0,89.46,25.484
0.0,89.41,25.477
0.0,89.9,25.495
0.01,90.42,25.505
-0.01,90.58,25.52
-0.01,90.88,25.526
0.0,90.66,25.521
-0.01,90.42,25.525
0.01,90.2,25.547
0.01,90.36,25.56
0.0,89.9,25.56
0.0,90.06,25.557
0.0,90.17,25.572
0.0,90.09,25.568
0.01,90.85,25.567
0.0,90.69,25.565
0.01,90.23,25.597
0.0,89.76,25.616
0.01,88.34,25.608
0.02,91.07,25.578
0.0,90.88,25.571
0.0,90.485,25.565
0.0,90.09,25.559
0.0,90.09,25.539
0.0,89.87,25.542
0.01,89.93,25.557
0.0,89.98,25.543
0.0,89.855,25.5295
0.0,89.73,25.516
0.0,89.65,25.477
0.0,89.6,25.454
-0.01,89.73,25.42
-0.02,90.2,25.403
-0.01,90.55,25.392
-0.02,90.23,25.378
-0.02,89.73,25.376
-0.02,89.11,25.388
0.0,89.82,25.424
-0.005,89.66999999999999,25.432000000000002
-0.01,89.52,25.44
0.0,89.95,25.439
0.0,90.2,25.413
0.0,89.6,25.397
0.0,90.28,25.382
-0.01,90.09,25.356
0.01,90.01,25.334
0.0,89.73,25.323
0.0,90.01,25.309
0.005,89.67,25.3035
0.01,89.33,25.298
-0.01,89.49,25.292
0.0,89.08,25.287
0.01,89.11,25.285
0.01,89.41,25.284
0.0,90.14,25.271
0.01,89.27,25.274
-0.01,88.62,25.273
0.0,89.87,25.283
0.0,89.245,25.2735
0.0,88.62,25.264
0.0,89.16,25.254
0.0,89.46,25.252
0.01,89.82,25.254
0.01,90.53,25.248
-0.01,90.12,25.244
0.0,90.72,25.235
0.01,90.77,25.218
-0.01,90.42,25.2
-0.01,90.32000000000001,25.194666666666667
-0.01,90.22,25.189333333333334
-0.01,90.12,25.184
0.0,89.84,25.181
0.0,90.09,25.163
-0.01,90.12,25.169
0.0,90.17,25.177
0.01,90.58,25.156
0.0,90.42,25.164
0.0,90.88,25.141
0.01,91.29,25.132
0.01,91.78,25.126
-0.01,92.11,25.113
0.0,90.88,25.111
0.01,91.34,25.108
0.01,91.315,25.1005
0.01,91.29,25.093
-0.01,91.23,25.101
-0.01,91.73,25.108
0.0,91.56,25.114
0.01,91.48,25.125
-0.01,91.18,25.12
0.0,91.83,25.152
0.0,91.75,25.154
0.0,91.67,25.156
0.0,91.465,25.145
0.0,91.26,25.134
0.01,91.78,25.151
-0.01,91.78,25.151
0.01,91.37,25.145
0.0,91.73,25.137
0.0,91.73,25.133
0.0,91.64,25.121
0.005,91.41,25.110500000000002
0.01,91.18,25.1
0.01,92.54,25.091
0.49,92.87,25.092
0.52,92.03,25.093
0.03,91.67,25.088
0.02,91.78,25.089
0.0,92.54,25.084
0.005,91.94,25.0775
0.01,91.34,25.071
0.01,91.75,25.07
0.0,91.4,25.061
0.03,91.59,25.059
0.01,90.83,25.048
0.01,90.66,25.047
0.0,90.96,25.059
0.01,90.8,25.061
-0.01,91.48,25.061
-0.01,90.85,25.066
0.01,90.8,25.07
0.01,91.15,25.064
-0.01,90.77,25.064
0.01,90.99,25.087
-0.01,91.4,25.104
0.0,90.72,25.111
-0.01,90.66,25.118
-0.01,90.93,25.129
-0.01,90.93,25.144
0.0,90.83,25.142
-0.01,91.34,25.153
0.0,90.66,25.162
0.0,92.19,25.158
-0.01,91.50999999999999,25.157
-0.02,90.83,25.156
-0.01,91.03,25.165
0.0,91.23,25.174
-0.01,89.41,25.192
0.0,89.65,25.206
-0.01,89.73,25.209
0.01,90.09,25.21
0.0,90.63,25.206
0.01,91.18,25.225
-0.01,90.53,25.243
0.0,90.47,25.243
0.01,90.06,25.266
0.01,89.93,25.27
-0.01,89.79,25.286
0.0,89.76,25.294
0.0,90.36,25.283
-0.01,90.53,25.271
0.01,90.25,25.272
0.0,90.47,25.269
-0.01,89.43,25.286
0.01,90.28,25.274
0.0,89.87,25.263
0.005,89.6,25.2765
0.01,89.33,25.29
0.0,90.31,25.284
-0.01,89.57,25.286
-0.01,89.41,25.272
0.01,90.5,25.263
0.01,90.44,25.264
0.01,90.14,25.263
0.0,90.09,25.268
0.0,89.41,25.268
0.01,90.09,25.246
-0.01,89.9,25.245
-0.01,89.84,25.247
0.0,90.09,25.223
-0.01,90.03,25.212
0.01,89.98,25.211
0.0,90.23,25.2
0.01,89.63,25.184
-0.01,90.06,25.176
0.0,90.36,25.168
0.0,91.81,25.166
-0.01,90.99,25.163
-0.01,90.47,25.173
-0.01,90.31,25.156
-0.005,90.785,25.1455
0.0,91.26,25.135
0.0,91.21,25.123
0.0,90.69,25.111
0.0,90.8,25.087
0.0,91.53,25.09
0.01,91.94,25.072
0.01,92.11,25.065
0.01,91.59,25.067
0.01,91.07,25.069
0.0,90.42,25.074
0.01,91.15,25.065
0.0,90.69,25.067
0.0,90.77,25.07
0.01,90.91,25.067
0.0,90.72,25.063
-0.01,90.12,25.055
0.01,90.96,25.051
-0.01,90.69,25.045
0.01,91.89,25.04
-0.01,91.13,25.035
0.01,91.23,25.028
0.0,91.13,25.023
0.01,90.96,25.027
-0.01,90.99,25.028
0.0,90.5,25.031
0.0,90.39,25.032
0.0,90.77,25.032
0.0,90.69,25.029
0.0,90.66,25.022
0.0,90.93,25.016
0.0,90.77,25.011
0.01,91.1,25.014
0.0,91.67,25.015
0.01,91.7,25.014
-0.01,92.24,25.015
0.01,92.24,25.006
0.0,92.19,25.005
0.0,91.45,25.004
0.0,91.32,25.0
-0.01,91.7,24.994
0.01,91.21,24.99
-0.01,91.7,24.985
0.01,91.97,24.978
0.0,92.03,24.972
0.0,92.68,24.963
-0.01,91.97,24.96
0.0,92.08,24.954
-0.01,91.51,24.952
0.0,91.21,24.952
0.0,90.83,24.949
0.0,90.28,24.938
0.0,90.55,24.936
0.01,90.88,24.939
0.01,92.05,24.939
-0.01,91.13,24.937
0.0,91.4,24.937
0.01,91.7,24.94
0.0,91.67,24.936
0.0,91.73,24.933
0.0,91.23,24.934
-0.01,91.59,24.93
0.01,90.91,24.923
0.0,91.43,24.914
0.01,91.64,24.906
-0.01,91.1,24.899
0.0,91.02,24.895
0.01,91.32,24.885
-0.01,91.75,24.882
0.0,90.88,24.879
-0.01,90.31,24.871
-0.02,87.58,24.863
-0.01,87.935,24.863500000000002
0.0,88.29,24.864
0.02,87.55,24.86
0.0,87.88,24.854
0.01,87.14,24.852
0.01,88.07,24.855
0.0,88.56,24.859
0.01,88.29,24.861
0.01,88.7,24.859
-0.01,88.34,24.859
0.01,88.67,24.854
0.01,88.48,24.851
0.0,87.85,24.844
0.0,89.19,24.843
0.01,89.16,24.848
0.0,89.22,24.855
0.01,89.63,24.859
0.0,89.33,24.864
0.0,89.46,24.866
-0.01,89.3,24.879
-0.01,89.0,24.867
0.0,88.92,24.888
0.01,89.3,24.875
-0.01,89.03,24.887
0.01,89.43,24.897
0.0,89.3,24.912
0.01,88.81,24.907
-0.01,89.19,24.919
0.0,89.73,24.933
0.0,89.73,24.946
-0.01,89.82,24.961
0.0,89.68,24.985
-0.01,88.92,24.996
-0.01,89.33,25.016
0.0,89.35,25.034
0.0,89.82,25.02
-0.01,89.65,25.063
-0.01,89.82,25.079
0.0,89.76,25.121
0.01,89.73,25.122
0.01,89.54,25.113
0.0,89.68,25.166
0.01,89.35,25.207
0.0,89.49,25.149
0.01,89.46,25.187
0.0,89.38,25.188
0.0,89.41,25.221
0.01,89.16,25.219
0.0,89.6,25.226
0.01,89.43,25.248
0.01,89.58000000000001,25.2465
0.01,89.73,25.245
0.01,89.87,25.221
0.01,89.54,25.217
0.0,89.52,25.232
0.0,90.33,25.224
0.0,90.14,25.186
-0.01,90.06,25.16
0.01,90.25,25.165
-0.01,90.47,25.168
0.01,90.58,25.154
0.0,90.5,25.132
-0.01,90.23,25.152
0.0,90.42,25.126
0.01,90.33,25.126
0.0,91.04,25.095
-0.01,90.39,25.072
-0.01,90.44,25.079
-0.01,91.04,25.081
-0.02,90.99,25.074
-0.01,90.96,25.092
-0.01,91.1,25.091
-0.01,90.91,25.085
-0.01,90.85,25.071
-0.005,90.55,25.0605
0.0,90.25,25.05
0.0,89.84,25.028
0.0,90.96,25.025
0.01,91.4,25.033
-0.01,91.37,25.029
0.0,91.32,25.01
0.005,91.1,25.002000000000002
0.01,90.88,24.994
-0.01,90.61,24.992
0.01,90.63,24.99
0.0,91.07,24.976
-0.01,91.21,24.959
0.01,91.64,24.949
0.01,91.81,24.962
-0.01,91.67,24.971
0.0,90.93,24.962
0.0,91.07,24.958
0.01,90.61,24.947
0.0,91.4,24.938
0.0,91.78,24.927
0.01,91.81,24.915
0.01,91.7,24.912
0.0,91.62,24.914
0.0033333333333333335,91.69,24.909333333333333
0.006666666666666667,91.76,24.904666666666667
0.01,91.83,24.9
0.0,92.19,24.89
0.0,92.3,24.88
-0.01,91.86,24.873
0.01,92.11,24.866
-0.01,92.0,24.861
-0.01,91.62,24.859
0.0,91.23,24.857
0.0,91.94,24.86
-0.01,92.08,24.861
-0.01,91.97,24.854
0.0,91.97,24.846
0.0,92.22,24.839
-0.01,92.16,24.832
0.0,91.32,24.833
0.0,91.26,24.831
-0.01,91.7,24.829
-0.01,91.37,24.826
0.0,91.15,24.819
0.01,91.32,24.812
0.0,91.32,24.804
0.01,91.07,24.795
0.0,90.99,24.793
0.0,91.02,24.792
0.0,91.02,24.792
0.0,90.91,24.797
0.01,91.13,24.794
0.01,91.73,24.789
0.01,91.32,24.788
-0.02,91.15,24.783
0.01,90.8,24.784
0.01,90.47,24.78
-0.01,90.28,24.778
0.0,90.25,24.771
-0.01,91.4,24.765
0.0,90.83,24.758
0.0,90.5,24.744
0.0,90.09,24.735
0.0,90.31,24.729
0.01,89.9,24.73
-0.01,90.53,24.724
0.0,89.84,24.719
0.01,90.33,24.712
-0.01,90.61,24.699
0.01,89.79,24.698
0.01,90.12,24.69
0.02,89.46,24.681
0.02,89.71,24.669
0.01,89.19,24.676
0.02,89.3,24.674
0.01,88.92,24.674
0.01,89.19,24.677
0.01,89.0,24.675
0.01,89.05,24.674
0.0,89.13,24.673
0.0,89.19,24.673
0.005,89.12,24.679499999999997
0.01,89.05,24.686
-0.01,89.05,24.7
0.01,89.3,24.708
-0.01,88.92,24.718
0.0,88.7,24.729
-0.01,88.78,24.753
0.01,88.78,24.77
-0.01,88.81,24.779
-0.01,88.78,24.781
-0.01,89.35,24.799
-0.01,88.64,24.803
0.01,88.94,24.82
-0.01,89.19,24.838
0.0,88.59,24.854
0.0,89.16,24.874
-0.01,88.89,24.878
-0.01,88.73,24.91
-0.01,88.37,24.925
0.01,88.23,24.953
-0.01,88.73,24.953
-0.01,88.83,24.96
0.0,88.21,24.977
-0.01,88.48,25.022
-0.01,88.37,25.013
0.0,88.51,25.008
0.0,88.29,25.011
-0.01,88.73,25.01
0.01,88.56,25.026
0.0,88.56,25.049
0.0,88.23,25.06
-0.01,88.73,25.057
0.0,88.34,25.068
0.0,88.51,25.082
0.0,88.45,25.103
0.0,87.83,25.105
0.01,87.77,25.093
0.01,87.42,25.076
-0.01,87.25,25.08
0.0,87.25,25.087
0.0,87.58,25.105
0.01,86.9,25.102
0.0,87.42,25.088
-0.01,87.88,25.077
0.01,88.21,25.078
0.01,87.85,25.073
0.0,87.69,25.088
0.0,87.58,25.083
0.01,87.83,25.107
0.01,87.44,25.103
0.01,88.18,25.071
0.01,87.77,25.044
-0.01,87.88,25.019
0.0,87.99,25.017
-0.01,87.03,24.992
-0.01,87.2,24.985
-0.01,87.25,24.99
-0.01,88.18,24.979
-0.01,87.96,24.965
-0.01,88.18,24.964
-0.01,88.75,24.955
-0.01,88.43,24.937
0.0,88.34,24.92
-0.01,88.64,24.932
0.01,88.48,24.932
-0.01,89.08,24.914
-0.01,88.56,24.907
0.0,88.32,24.898
0.01,88.1,24.88
0.0,88.43,24.856
0.0,88.89,24.844
0.01,88.73,24.838
0.0,88.64,24.83
0.0,88.29,24.823
0.005,88.305,24.805
0.01,88.32,24.787
0.01,88.45,24.771
0.0,88.4,24.778
0.0,88.26,24.79
0.0,89.22,24.792
0.01,89.13,24.791
0.0,88.56,24.824
0.0,89.33,24.825
0.0,88.73,24.821
0.0,89.13,24.811
0.0,88.7,24.809
0.01,88.59,24.803
-0.01,89.24,24.805
0.01,89.35,24.802
0.0,89.35,24.794
0.01,89.73,24.789
0.0,89.38,24.782
0.0,89.32499999999999,24.7885
0.0,89.27,24.795
0.01,89.38,24.788
0.0,89.3,24.774
-0.01,89.11,24.768
-0.005,89.465,24.7835
0.0,89.82,24.799
0.01,89.52,24.806
0.0,89.73,24.806
0.0,89.35,24.801000000000002
0.0,88.97,24.796
-0.01,90.14,24.793
0.0,90.2,24.792
0.0,89.11,24.788
0.0,89.73,24.793
0.0,89.63,24.791
0.01,89.35,24.773
-0.01,89.79,24.763
0.0,89.82,24.756
0.0,89.6,24.757
0.0,89.775,24.7575
0.0,89.95,24.758
0.01,89.57,24.764
-0.01,89.6,24.768
0.01,89.52,24.768
-0.01,88.64,24.769
0.0,88.83,24.769
0.0,88.32,24.768
0.0,87.74,24.769
0.01,88.23,24.764
0.005,87.975,24.7605
0.0,87.72,24.757
0.0,87.12,24.754
0.01,88.48,24.747
0.0,87.91,24.745
0.0,87.99,24.738
0.0,87.23,24.737
-0.01,86.82,24.735
0.01,87.74,24.734
0.0,86.6,24.726
-0.01,86.73,24.726
0.0,86.41,24.724
0.01,86.24,24.721
0.01,85.64,24.719
0.01,85.32,24.715
0.02,85.26,24.714
0.01,84.8,24.713
0.01,84.91,24.713
0.01,85.1,24.709
0.0,84.66,24.706
-0.01,83.68,24.71
0.0,83.71,24.719
0.01,83.33,24.722
0.0,84.12,24.728
0.0,84.23,24.732
-0.01,83.98,24.737
0.01,84.14,24.745
-0.01,84.77,24.766
0.0,84.72,24.773
-0.01,84.25,24.777
0.0,84.61,24.788
-0.01,85.4,24.815
-0.01,84.44,24.825
-0.01,84.61,24.824
0.0,85.02,24.835
0.0,84.99,24.848
0.0,85.73,24.88
-0.01,85.23,24.88
0.01,84.88,24.881
-0.01,85.15,24.868
0.01,85.51,24.864
0.0,85.34,24.894
0.0,85.75,24.914
0.0,85.37,24.937
0.0,85.97,24.941
-0.01,85.07,24.948
0.0,85.56,24.968
-0.01,85.56,24.987
-0.005,85.725,25.0005
0.0,85.89,25.014
-0.01,85.73,25.024
0.0,84.99,25.03
-0.01,84.66,25.067
-0.01,84.72,25.064
0.0,84.83,25.092
0.0,84.53,25.104
0.01,83.76,25.113
0.01,85.07,25.108
0.0,84.83,25.108
-0.01,84.91,25.108
0.01,85.02,25.117
0.01,84.66,25.118
0.01,84.99,25.131
0.01,84.03,25.13
-0.01,84.44,25.118
0.0,84.91,25.143
0.0,84.63,25.13
0.01,84.33,25.152
0.01,84.69,25.156
0.01,84.61,25.153
0.01,84.14,25.131
0.01,84.93,25.116
0.0,84.66,25.106
0.005,84.96000000000001,25.0935
0.01,85.26,25.081
0.0,84.99,25.075
-0.01,84.83,25.074
-0.01,84.93,25.066
0.0,85.23,25.055
-0.01,85.4,25.051
-0.01,86.025,25.0475
-0.01,86.65,25.044
-0.01,86.46,25.036
-0.01,87.17,25.033
0.0,87.09,25.031
-0.01,86.95,25.018
-0.01,87.2,25.011
-0.01,87.01,25.008
0.0,87.63,25.0
0.01,87.77,24.987
0.0,87.72,24.975
0.0,87.91,24.966
0.0,88.04,24.965
0.01,88.37,24.964
0.01,88.67,24.96
0.0,89.13,24.963
0.01,89.16,24.973
0.0,89.22,24.968
0.01,89.73,24.965
0.01,89.35,24.958
0.01,90.01,24.956
0.01,90.39,24.958
0.01,90.99,24.947
0.01,91.02,24.946
-0.01,90.96,24.942
0.01,90.8,24.941
0.01,90.74,24.939
-0.01,90.69,24.935
0.01,91.1,24.932
0.0,91.78,24.925
0.0,92.05,24.916
0.0,91.92,24.913
0.0,92.22,24.909
0.0,92.41,24.9
0.01,92.38,24.898
0.005,92.285,24.897
0.0,92.19,24.896
0.01,92.03,24.899
0.0,92.41,24.898
0.01,92.68,24.9
0.0,93.22,24.901
0.0,92.98,24.897
-0.01,93.25,24.892
0.0,93.33,24.895
0.0,93.36,24.896
0.0,93.58,24.896
0.0,93.60499999999999,24.897
0.0,93.63,24.898
0.01,93.63,24.898
0.0,93.66,24.895
-0.01,93.88,24.894
0.01,93.99,24.889
0.005,94.125,24.894
0.0,94.26,24.899
0.01,94.26,24.902
0.0,94.23,24.902
0.0,94.04,24.9
0.0,93.93,24.896
0.01,93.55,24.896
0.0,93.63,24.896
0.01,93.88,24.893
0.0,93.88,24.891
0.01,93.91,24.893
0.0,93.88,24.898
0.0,93.77,24.903
-0.01,93.69,24.902
0.01,94.04,24.903
0.01,93.47,24.906
-0.01,94.21,24.904
0.01,93.93,24.904
0.0,94.15,24.904
0.0,94.18,24.906
0.01,93.82,24.908
-0.01,94.04,24.908
0.01,93.8,24.91
0.015,93.02,24.914
0.02,92.24,24.918
0.01,92.54,24.921
0.03,92.22,24.921
0.01,92.11,24.922
0.01,91.89,24.921
0.01,91.94,24.925
0.01,92.24,24.928
-0.01,91.07,24.933
0.0,90.74,24.939
0.01,91.13,24.943
0.0,91.34,24.947
0.0,91.135,24.951
0.0,90.93,24.955
0.0,91.29,24.961
-0.01,91.32,24.974
-0.01,90.85,24.981
0.0,91.1,24.995
-0.01,91.37,25.007
0.0,91.45,25.017
0.0,91.23,25.041
-0.005,91.245,25.060000000000002
-0.01,91.26,25.079
-0.01,90.72,25.079
-0.01,91.04,25.124
-0.01,91.29,25.123
0.0,91.26,25.136
-0.01,91.34,25.183
0.0,91.48,25.176
-0.01,91.97,25.222
0.0,91.83,25.209
-0.01,91.75,25.278
0.01,91.89,25.294
0.0,92.3,25.318
-0.01,92.22,25.339
0.0,92.22,25.324
0.0,91.48,25.36
-0.01,91.13,25.381
-0.01,91.51,25.38
0.01,91.4,25.405
0.0,91.13,25.413
-0.01,91.1,25.414
0.0,91.34,25.414
0.005,91.49000000000001,25.4225
0.01,91.64,25.431
0.0,91.13,25.433
0.0,91.02,25.444
0.01,90.96,25.421
0.0,91.59,25.414
0.0,90.83,25.422
0.0,91.34,25.437
0.01,90.74,25.439
-0.01,90.99,25.442
0.0,90.5,25.475
0.0,90.28,25.476
0.01,90.33,25.469
0.0,90.28,25.468
0.01,90.36,25.467
0.0,90.2,25.457
0.0,90.44,25.416
0.0,90.09,25.39
0.0,90.2,25.383
0.01,90.33,25.376
0.0,89.73,25.345
-0.01,90.06,25.335
0.0,90.72,25.324
0.0,90.66,25.325
-0.01,91.29,25.302
-0.01,91.07,25.307
-0.01,91.34,25.304
-0.01,92.08,25.291
-0.01,92.35,25.289
-0.01,92.49,25.28
-0.01,93.03,25.275
0.0,93.06,25.283
0.0,93.03,25.299
0.0,93.01,25.276
0.0,92.92,25.267
0.01,92.57,25.276
0.01,92.35,25.276
0.01,92.35,25.277
0.01,92.87,25.264
0.0,93.28,25.252
0.0,93.06,25.243
0.01,93.39,25.253
0.0,93.28,25.237
0.01,93.61,25.232
0.0,94.02,25.234
0.01,94.02,25.238
0.01,94.02,25.224
0.0,94.32,25.211
0.01,94.45,25.209
0.01,94.45,25.202
0.0,94.34,25.196
0.01,94.29,25.195
-0.01,94.34,25.193
0.0,94.48,25.189
0.01,94.83,25.185
0.01,94.97,25.181
0.0,94.86,25.188
0.01,94.94,25.193
0.01,95.05,25.197
0.0,94.97,25.195
0.01,95.3,25.195
0.0,95.0,25.189
0.01,95.32,25.199
0.01,95.10499999999999,25.1945
0.01,94.89,25.19
-0.01,95.08,25.183
0.01,95.38,25.185
0.01,95.16,25.175
0.0,95.05,25.166
0.0,95.24,25.158
0.0,95.13,25.154
0.01,95.05,25.158
-0.01,94.51,25.153
0.0,94.72,25.154
0.01,95.16,25.148
0.01,95.24,25.147
-0.01,94.81,25.15
0.0,94.53,25.143
-0.01,93.99,25.135
0.0,94.32,25.129
0.01,94.56,25.122
0.0,94.42,25.122
-0.01,94.29,25.118
-0.005,94.52000000000001,25.1145
0.0,94.75,25.111
0.0,94.83,25.108
-0.01,94.64,25.107
0.01,94.72,25.108
0.0,94.7,25.108
0.01,94.32,25.116
0.0,93.93,25.127
-0.01,93.77,25.131
0.0,93.74,25.132
0.0,93.17,25.125
0.0,93.58,25.127
0.0,93.28,25.134
0.01,93.36,25.132
0.01,93.50999999999999,25.1335
0.01,93.66,25.135
0.01,94.02,25.134
0.0,94.12,25.134
0.01,94.34,25.132
0.0,94.34,25.129
0.01,94.48,25.13
0.02,94.02,25.137
0.0,93.58,25.135
0.01,93.14,25.138
0.01,93.09,25.145
0.0,93.42,25.147
0.01,93.36,25.151
0.0,93.17,25.161
0.0,92.84,25.169
-0.02,92.57,25.174
-0.01,92.05,25.184
-0.01,91.94,25.185
-0.005,92.035,25.197
0.0,92.13,25.209
-0.01,91.86,25.22
-0.01,91.75,25.225
-0.01,91.89,25.233
0.01,92.05,25.25
-0.01,92.24,25.269
-0.005,92.38,25.28
0.0,92.52,25.291
0.01,92.3,25.312
-0.01,92.22,25.338
-0.01,91.48,25.345
-0.01,91.29,25.369
0.0,91.26,25.389
-0.01,91.02,25.381
-0.01,91.21,25.394
0.0,91.43,25.421
-0.01,91.56,25.44
-0.01,91.685,25.448500000000003
-0.01,91.81,25.457
0.01,92.33,25.472
0.0,91.73,25.482
0.01,91.97,25.506
0.0,92.0,25.538
-0.01,91.94,25.551
0.0,91.75,25.547
0.0,91.7,25.578
-0.01,91.62,25.586
0.01,92.05,25.599
0.0,91.94,25.597
0.0,91.81,25.602
0.0,91.75,25.61
0.01,92.11,25.626
-0.01,92.03,25.622
0.0,91.4,25.609
0.0,90.99,25.615
0.01,91.32,25.616
0.01,91.64,25.616
-0.01,91.37,25.619
0.0,91.75,25.633
-0.01,90.85,25.632
0.0,90.77,25.615
-0.01,90.53,25.606
0.0,90.8,25.614
0.01,90.8,25.61
-0.01,90.61,25.611
0.01,90.33,25.603
-0.01,89.79,25.596
-0.01,89.95,25.584
0.01,90.03,25.574
-0.01,90.31,25.566
0.0,90.01,25.566
-0.005,90.67500000000001,25.552
-0.01,91.34,25.538
-0.02,90.93,25.537
-0.01,90.83,25.532
-0.01,90.96,25.52
-0.01,90.74,25.5
-0.01,91.29,25.497
-0.01,91.13,25.486
0.01,91.59,25.483
0.0,91.48,25.475
0.0,91.48,25.469
0.0,91.75,25.458
0.01,91.51,25.454
-0.01,91.67,25.447
0.01,92.13,25.444
0.0,91.43,25.435
0.0,91.53,25.423
0.01,92.13,25.417
0.0,91.75,25.415
0.01,91.7,25.414
0.0,91.51,25.412
0.01,91.45,25.407
0.0,91.56,25.41
0.0,92.13,25.413
0.01,91.75,25.419
0.01,92.05,25.417
0.005,92.38,25.416
0.0,92.71,25.415
0.01,92.62,25.412
0.0,92.52,25.408
0.0,92.54,25.403
0.01,92.35,25.414
0.0,92.43,25.411
0.01,93.09,25.41
0.0,92.92,25.405
0.01,92.62,25.396
0.01,93.17,25.393
0.0,92.71,25.392
0.0,93.12,25.392
0.0,92.79,25.394
-0.01,93.01,25.389
0.01,93.17,25.394
-0.01,93.14,25.391
0.01,92.27,25.387
0.0,92.84,25.381
0.01,92.57,25.375
0.0,92.98,25.371
0.0,92.9,25.369
0.01,93.01,25.371
0.0,92.92,25.371
0.0,93.01,25.374
0.0,92.9,25.371
0.0,92.68,25.364
0.0,92.73,25.354
-0.01,92.71,25.367
0.01,93.22,25.368
0.0,93.01,25.37
-0.01,92.71,25.363
0.01,92.98,25.364
0.0,92.57,25.364
0.0,92.49,25.362
-0.01,92.46,25.355
0.01,92.16,25.347
-0.01,92.54,25.337
0.0,92.46,25.328
-0.01,92.41,25.329
0.0,92.68,25.325
0.01,92.27,25.32
-0.01,92.27,25.32
0.0,93.12,25.324
0.01,92.65,25.326
0.01,93.14,25.325
0.0,93.42,25.324
0.0,93.52,25.318
0.0,93.36,25.316
0.01,93.28,25.312
-0.01,93.03,25.309
0.0,92.84,25.305500000000002
0.01,92.65,25.302
0.01,92.46,25.301
0.02,92.0,25.302
0.0,91.34,25.312
0.01,90.88,25.319
0.0,90.85,25.324
0.01,90.96,25.323
0.01,91.37,25.325
-0.01,91.04,25.33
-0.01,91.13,25.335
0.0,90.77,25.344
0.0,90.83,25.341
-0.01,91.04,25.352
-0.02,91.83,25.354
-0.01,92.22,25.347
-0.01,92.76,25.345
-0.01,91.73,25.353
-0.005,91.41499999999999,25.3575
0.0,91.1,25.362
0.01,91.23,25.377
0.01,91.26,25.386
0.01,91.86,25.408
0.0,91.53,25.431
-0.01,91.56,25.439
-0.01,91.53,25.454
0.01,92.38,25.451
-0.01,92.46,25.449
-0.01,92.6,25.46
0.01,92.19,25.48
0.01,92.03,25.481
0.0,90.33,25.502
0.0,91.83,25.508
0.01,91.7,25.539
-0.01,90.2,25.557
0.01,90.69,25.569
0.015,91.44,25.5945
0.02,92.19,25.62
-0.01,92.0,25.644
0.01,92.33,25.661
0.01,92.41,25.671
0.01,92.62,25.691
0.01,92.73,25.711
0.01,92.52,25.726
0.01,92.57,25.71
-0.01,92.3,25.728
-0.02,92.35,25.725
-0.01,92.68,25.726
0.004999999999999999,92.965,25.695999999999998
0.02,93.25,25.666
0.02,94.4,25.622
-0.01,93.63,25.619
0.01,93.25,25.631
0.02,92.9,25.62
0.02,92.43,25.625
0.01,92.57,25.616
0.01,92.24,25.626
0.01,91.97,25.614
0.0,92.33,25.644
0.37,90.39,25.645
1.16,93.31,25.634
0.11,93.77,25.638
0.2,93.06,25.623
0.38,93.25,25.608
0.26,93.55,25.591
0.02,93.63,25.582
0.0,93.82,25.565
0.01,93.28,25.56
0.0,91.26,25.545
0.01,91.1,25.551
0.0,91.94,25.548
0.16,92.35,25.539
0.98,93.52,25.535
0.26,91.86,25.52
0.13,91.32,25.511
-0.01,90.61,25.497
0.04,90.55,25.496
0.01,90.33,25.49
0.01,91.45,25.488
0.0,91.75,25.481
0.02,92.43,25.475
-0.01,92.33,25.48
0.02,92.41,25.476
0.02,92.9,25.483
0.01,93.01,25.479
-0.01,92.43,25.47
0.0,92.3,25.464
0.0,93.14,25.467
0.0,93.55,25.47
-0.01,92.0,25.473
0.0,90.69,25.476
0.0,90.74,25.47
0.0,91.51,25.468
0.0,92.08,25.468
0.01,92.46,25.464
0.18,92.79,25.467
0.75,94.81,25.451
0.16,94.15,25.447
0.07,93.74,25.441
0.25,93.99,25.442
0.07,94.07,25.441
0.04,94.1,25.445
-0.01,93.55,25.448
-0.005,93.305,25.445500000000003
0.0,93.06,25.443
0.01,93.47,25.443
0.03,93.44,25.442
0.0,93.55,25.441
0.11,93.85,25.441
0.82,94.67,25.437
1.1,94.78,25.436
1.44,95.11,25.436
0.54,95.27,25.436
0.97,95.41,25.438
1.15,90.99,25.438
0.21,92.08,25.437
0.1,93.06,25.434
0.1,92.87,25.434
0.1,93.03,25.436
0.0,91.89,25.434
-0.02,91.29,25.432
0.01,92.38,25.43
0.0,92.68,25.427
0.0,92.74333333333334,25.424
0.0,92.80666666666667,25.421
0.0,92.87,25.418
-0.01,93.03,25.415
-0.01,92.33,25.412
-0.01,91.975,25.41
-0.01,91.62,25.408
0.0,92.0,25.405
0.0,91.97,25.402
-0.01,91.83,25.399
-0.01,92.08,25.398
0.02,92.08,25.395
0.04,92.43,25.394
0.03,92.12,25.391
0.02,91.81,25.388
0.02,91.7,25.386
0.0,92.0,25.386
0.01,92.43,25.386
-0.01,92.19,25.388
0.0,91.53,25.387
-0.0033333333333333335,91.24,25.385666666666665
-0.006666666666666667,90.95,25.384333333333334
-0.01,90.66,25.383
0.02,90.72,25.381
0.01,90.66,25.383
-0.004999999999999999,90.63499999999999,25.384
-0.02,90.61,25.385
-0.01,90.23,25.386
0.0,89.35,25.384
-0.01,89.33,25.384
0.02,90.93,25.387
-0.02,90.53,25.387
0.01,90.61,25.389
0.0,90.42,25.395
-0.02,90.06,25.399
0.01,90.31,25.402
0.0,90.36,25.405
-0.01,90.55,25.409
-0.01,90.14,25.416
0.0,90.23,25.419
0.01,90.12,25.428
-0.01,90.01,25.442
0.01,90.03,25.443
-0.01,89.84,25.459
-0.01,89.82,25.468
-0.01,89.75,25.484
-0.01,89.68,25.5
0.01,89.76,25.526
-0.01,90.06,25.522
0.0,89.73,25.546
0.01,90.17,25.564
-0.01,90.06,25.581
-0.005,90.24000000000001,25.592
0.0,90.42,25.603
0.01,90.31,25.604
-0.01,90.31,25.626
0.0,90.47,25.603
0.0,90.09,25.626
0.01,90.14,25.624
0.005,90.08500000000001,25.6535
0.0,90.03,25.683
0.0,89.93,25.671
0.01,89.93,25.685
0.0,89.61500000000001,25.698999999999998
-0.01,89.3,25.713
0.0,89.41,25.749
0.0,89.76,25.718
0.0,89.46,25.752
0.0,89.63,25.749
0.01,89.49,25.748
0.02,90.66,25.783
0.0,90.8,25.795
-0.01,90.69,25.786
0.01,90.23,25.773
0.005,90.16,25.787
0.0,90.09,25.801
0.01,89.46,25.807
-0.01,89.87,25.801
0.01,89.19,25.807
-0.01,89.65,25.813
0.0,90.58,25.788
-0.01,89.93,25.767
-0.01,88.97,25.754
0.0,90.17,25.734
-0.01,89.35,25.71
0.0,89.63,25.7
0.0,90.17,25.684
-0.03,89.76,25.682
-0.01,89.71,25.668
-0.01,90.06,25.658
-0.01,90.53,25.638
0.01,90.69,25.643
-0.01,90.31,25.648
0.01,90.74,25.638
-0.02,90.63,25.627
-0.01,90.83,25.616
0.02,90.83,25.611
-0.01,91.1,25.607
0.01,90.69,25.606
-0.01,89.71,25.594
0.01,90.39,25.584
-0.01,90.14,25.582
0.01,89.9,25.578
0.0,90.12,25.568
0.0,90.39,25.56
0.01,90.06,25.551
-0.01,90.55,25.544
0.0,90.83,25.536
0.0,91.21,25.538
0.01,90.72,25.537
0.0,90.33,25.537
0.0,90.33,25.538
0.0,90.03,25.539
0.0,90.55,25.534
0.01,90.33,25.525
0.0,90.91,25.513
0.01,91.59,25.518
0.0,91.62,25.526
0.02,91.48,25.53
0.015,91.805,25.5305
0.01,92.13,25.531
0.01,91.92,25.535
-0.01,91.83,25.525
-0.005,91.095,25.5195
0.0,90.36,25.514
0.0,90.31,25.509
-0.01,89.93,25.501
0.01,90.61,25.497
0.01,90.85,25.497
0.0,90.85,25.497
0.0,90.73333333333333,25.491333333333333
0.0,90.61666666666666,25.485666666666667
0.0,90.5,25.48
0.0,89.82,25.475
0.0,89.9,25.473
0.0,90.17,25.468
0.01,91.51,25.464
0.0,92.0,25.46
0.0,91.92,25.458
-0.01,90.39,25.458
0.01,91.53,25.456
0.01,90.91,25.455
-0.01,91.29,25.45
0.0,90.74,25.448
-0.01,90.96,25.447
0.01,90.83,25.446
0.0,91.48,25.446
0.01,90.61,25.442
-0.02,91.4,25.439
0.01,90.55,25.434
0.01,90.53,25.429
-0.01,91.51,25.431
0.0,91.02,25.427
-0.0033333333333333335,90.81,25.421666666666667
-0.006666666666666667,90.6,25.416333333333334
-0.01,90.39,25.411
0.01,90.14,25.403
-0.01,90.2,25.407
-0.01,90.55,25.409
0.02,90.44,25.409
0.0,91.23,25.408
0.0,90.53,25.412
-0.01,91.18,25.41
-0.01,90.01,25.41
0.01,89.3,25.409
0.01,89.49,25.409
0.01,89.6,25.413
0.0,89.71,25.418
0.01,88.53,25.42
0.005,88.94,25.42
0.0,89.35,25.42
-0.01,89.71,25.423
0.0,89.19,25.43
0.01,89.35,25.435
-0.01,89.3,25.434
0.01,89.52,25.434
0.0,89.11,25.433
-0.02,89.0,25.435
0.0,89.38,25.437
0.0,89.03,25.444
0.0,88.94,25.461
0.0,89.22,25.463
-0.01,88.67,25.481
-0.01,88.67,25.482
0.0,88.45,25.481
0.01,89.24,25.501
-0.01,89.08,25.512
0.01,89.33,25.52
-0.01,89.52,25.538
-0.01,88.67,25.536
0.01,89.73,25.558
-0.02,89.82,25.554
0.01,90.09,25.559
0.0,89.08,25.556
0.01,89.11,25.594
0.01,89.52,25.592
0.0,90.03,25.616
0.005,89.73,25.611
0.01,89.43,25.606
-0.01,89.35,25.641
-0.01,89.93,25.656
0.01,89.93,25.689
-0.01,89.9,25.706
0.01,89.52,25.72
-0.01,89.35,25.776
-0.01,89.27,25.792
0.01,89.71,25.758
0.01,89.38,25.758
0.01,89.38,25.786
-0.01,88.83,25.802
0.0,89.57,25.792
0.02,89.27,25.79
0.0,90.14,25.801
0.0,90.03,25.817
-0.01,89.79,25.806
0.0,89.9,25.7915
0.01,90.01,25.777
0.0,89.79,25.779
-0.01,89.13,25.776
0.01,89.03,25.787
0.01,89.3,25.779
-0.01,89.16,25.762
-0.01,89.27,25.767
0.01,89.46,25.75
0.0,89.24,25.732
-0.01,89.46,25.742
0.0,89.24,25.748
-0.01,89.0,25.731
-0.005,88.86500000000001,25.724
0.0,88.73,25.717
-0.01,89.22,25.709
-0.01,89.16,25.705
0.0,90.28,25.7
-0.01,90.17,25.683
0.0,90.61,25.665
-0.02,89.76,25.651
-0.01,89.27,25.634
-0.02,89.63,25.634
0.01,90.14,25.624
0.0,88.86,25.612
-0.01,88.86,25.61
-0.01,89.13,25.602
0.0,89.29499999999999,25.6045
0.01,89.46,25.607
0.0,89.95,25.606
0.0,89.35,25.599
0.0,88.86,25.601
0.0,89.08,25.597
0.0,90.23,25.596
0.01,89.46,25.588
0.01,90.01,25.59
-0.01,89.41,25.591
0.0,89.65,25.59
0.0,89.27,25.583
0.0,89.13,25.578
0.01,88.56,25.57
0.01,89.24,25.579
0.0,89.05,25.576
0.0,89.41,25.57
-0.01,88.51,25.568
0.01,88.81,25.565
0.005,89.0,25.562
0.0,89.19,25.559
-0.01,88.45,25.551
-0.01,88.7,25.551
0.01,89.35,25.549
0.0,88.64,25.541
0.0,88.29,25.537
0.0,88.62,25.525
0.01,88.51,25.517
-0.01,89.41,25.517
-0.01,89.57,25.519
0.0,88.4,25.52
-0.01,89.19,25.513
-0.01,88.92,25.505
-0.01,89.19,25.502
0.01,89.3,25.506
-0.01,89.05,25.51
0.01,89.65,25.508
0.01,90.12,25.507
0.0,89.63,25.509
-0.01,89.68,25.499
0.01,90.09,25.5
0.01,89.93,25.5
0.0,89.73,25.497
-0.0033333333333333335,89.73,25.494
-0.006666666666666667,89.73,25.491
-0.01,89.73,25.488
0.01,90.47,25.489
0.01,90.96,25.483
0.0,90.23,25.48
-0.01,89.95,25.487
-0.005,90.24000000000001,25.485500000000002
0.0,90.53,25.484
-0.01,91.26,25.48
0.0,90.42,25.476
0.01,90.66,25.471
0.0,90.69,25.467
0.01,90.93,25.468
-0.01,91.18,25.479
0.0,90.72,25.481
0.01,90.8,25.479
0.0,90.69,25.475
0.0,90.85,25.469
-0.01,90.53,25.467
0.01,90.25,25.468
0.0,90.14,25.467
0.0,89.79,25.463
0.0,89.95,25.46
0.01,90.01,25.456
0.0,89.13,25.458
0.0,88.94,25.463
0.01,89.16,25.469
0.01,90.09,25.472
0.0,90.12,25.474
0.02,90.25,25.474
0.0,88.81,25.48
-0.01,88.1,25.482
0.01,87.88,25.48
0.0,87.96,25.483
-0.01,87.72,25.488
-0.01,87.44,25.491
0.0,86.63,25.493
-0.01,86.93,25.508
-0.01,86.65,25.525
-0.01,87.53,25.534
-0.01,87.66,25.543
-0.01,88.37,25.543
0.01,88.15,25.543
-0.01,88.26,25.575
0.0,88.34,25.594
0.0,87.93,25.62
-0.01,88.32,25.628
-0.01,87.63,25.638
-0.01,87.63,25.644
-0.005,88.125,25.6555
0.0,88.62,25.667
0.0,88.94,25.692
0.0,88.21,25.709
-0.01,87.58,25.714
0.0,87.85,25.727
0.0,88.51,25.754
0.01,88.43,25.776
0.0,88.67,25.769
-0.01,88.73,25.758
0.0,87.91,25.787
-0.01,87.72,25.784
0.01,88.34,25.792
-0.01,87.85,25.804
0.0,87.85,25.812
-0.01,87.8,25.818
0.01,88.04,25.824
-0.01,87.74,25.825
0.01,87.91,25.839
-0.01,87.63,25.839
-0.01,87.4,25.8405
-0.01,87.17,25.842
0.01,86.38,25.85
-0.01,86.16,25.843
0.0,87.33,25.86
0.01,87.88,25.855
0.01,87.14,25.846
-0.01,86.52,25.877
0.01,87.25,25.868
0.0,87.44,25.86
0.01,87.39,25.857
0.01,86.68,25.86
0.0,86.9,25.853
0.0,87.415,25.843
0.0,87.93,25.833
0.0,87.2,25.817
0.0,86.79,25.822
-0.01,86.68,25.827
0.0,87.61,25.822
-0.01,87.14,25.806
-0.01,87.47,25.791
-0.02,86.38,25.8
-0.01,87.33,25.79
-0.01,88.1,25.775
-0.01,86.43,25.765
0.0,87.47,25.747
0.0,87.83,25.745
-0.01,87.42,25.743
-0.01,87.69,25.738
0.01,87.8,25.727
0.0,87.74,25.712
0.0,88.04,25.705
0.01,88.13,25.71
0.0,87.66,25.711
0.0,88.04,25.702
0.01,88.21,25.714
0.0,87.44,25.709
0.0,87.91,25.718
0.0,88.34,25.717
0.01,87.44,25.723
0.01,88.83,25.726
0.0,88.53,25.718
0.0,88.64,25.707
0.0,88.29,25.692
-0.01,88.23,25.684
0.0,88.97,25.676
0.01,89.6,25.67
0.0,89.54,25.663
0.02,89.87,25.652
-0.01,89.13,25.642
0.01,89.41,25.637
0.01,89.73,25.629
-0.01,89.68,25.629
0.0,90.36,25.627
0.01,90.39,25.622
0.01,90.58,25.624
-0.01,90.61,25.62
-0.005,90.5,25.619500000000002
0.0,90.39,25.619
0.01,90.72,25.614
0.0,90.66,25.608
0.01,90.99,25.603
0.01,91.15,25.59
0.01,90.88,25.581
-0.01,90.77,25.577
0.0,91.15,25.58
0.0,91.21,25.578
0.0,91.15,25.572
0.01,91.02,25.565
-0.01,90.85,25.558
0.01,91.56,25.561
0.0,91.37,25.556
-0.01,91.1,25.556
0.0,91.26,25.556
0.0,90.69,25.569
0.01,91.37,25.578
-0.01,90.63,25.576
0.0,89.73,25.57
0.0,90.09,25.566
0.0,89.38,25.558
-0.01,89.08,25.547
-0.01,87.53,25.546
-0.01,87.63,25.541
0.01,87.99,25.545
-0.01,88.59,25.554
0.0,88.45,25.549
0.0,88.34,25.542
0.0,88.245,25.5425
0.0,88.15,25.543
0.0,88.75,25.54
-0.01,87.88,25.531
-0.005,88.155,25.525
0.0,88.43,25.519
-0.01,88.86,25.518
0.01,88.48,25.515
-0.01,87.25,25.509
0.0,88.13,25.511
0.01,88.45,25.509
0.01,87.96,25.508
0.01,88.78,25.512
0.01,88.81,25.511
0.0,88.45,25.51
-0.005,88.11,25.512999999999998
-0.01,87.77,25.516
0.01,88.07,25.516
0.0,87.8,25.514
0.0,87.565,25.5125
0.0,87.33,25.511
0.02,87.01,25.519
-0.01,87.83,25.524
0.0,87.775,25.525
0.01,87.72,25.526
0.01,88.56,25.532
0.01,88.505,25.5445
0.01,88.45,25.557
-0.01,88.29,25.558
-0.01,87.2,25.561
0.01,87.74,25.561
-0.01,87.47,25.569
0.0,87.83,25.57
0.0,87.91,25.578
-0.01,88.48,25.591
0.0,87.99,25.602
-0.005,87.8,25.6145
-0.01,87.61,25.627
0.0,87.23,25.629
0.0,87.69,25.633
0.01,88.43,25.647
0.0,88.37,25.666
-0.01,87.42,25.665
0.0,87.42,25.682
0.0,87.25,25.681
0.0,87.55,25.673
0.01,88.07,25.676
0.01,88.26,25.686
-0.01,87.91,25.698
-0.01,87.58,25.729
0.0,87.25,25.746
0.0,88.7,25.76
0.01,87.63,25.754
-0.01,88.29,25.755
0.01,88.13,25.784
0.0,88.32,25.773
0.0,87.88,25.772
0.01,88.21,25.768
0.0,87.58,25.782
-0.01,87.74,25.788
0.0,88.13,25.782
0.0,87.25,25.793
0.01,88.1,25.802
0.0,87.83,25.799
-0.01,88.18,25.794
0.01,88.02,25.777
0.0,87.66,25.794
0.01,87.85,25.804
-0.01,86.54,25.795
0.0,86.93,25.789
-0.01,86.65,25.784
-0.01,87.25,25.776
0.01,87.23,25.753
-0.01,87.39,25.761
0.0,87.39,25.748
0.0,86.38,25.737
-0.01,87.53,25.725
0.0,87.17,25.712
-0.01,87.85,25.71
-0.01,88.1,25.703
-0.01,87.47,25.694
-0.02,87.28,25.683
0.0,87.03,25.687
-0.01,87.28,25.677
0.0,87.74,25.671
0.0,87.5,25.656
0.0,87.77,25.656
0.0,86.82,25.652
0.0,87.31,25.644
0.0,87.01,25.64
0.0,86.98,25.628
0.0,86.87,25.619
0.0,86.65,25.614
0.0,87.28,25.603
0.01,88.23,25.601
0.01,87.63,25.602
0.01,88.15,25.589
0.0,88.48,25.587
0.01,88.75,25.583
0.0,89.05,25.587
0.0,88.67,25.584
0.0,87.74,25.579
0.01,88.48,25.581
0.01,88.535,25.5815
0.01,88.59,25.582
-0.01,88.29,25.582
0.01,89.33,25.575
0.0,88.59,25.574
0.0,89.03,25.57
0.0,88.53,25.565
0.01,88.48,25.556
-0.01,88.26,25.551
0.0,87.99,25.553
0.0,88.64,25.545
0.0,88.29,25.552
0.01,87.58,25.551
-0.01,87.66,25.545
0.01,87.8,25.54
0.0,87.99,25.535
0.0,88.275,25.532
0.0,88.56,25.529
0.01,88.04,25.521
0.0,88.67,25.516
0.0,87.77,25.51
-0.01,87.85,25.51
-0.01,87.53,25.505
0.0,87.55,25.502
-0.01,87.12,25.504
0.0,87.09,25.499
-0.01,87.53,25.495
0.01,87.99,25.498
0.01,88.32,25.494
0.0,87.83,25.491
-0.01,87.47,25.49
0.01,88.04,25.491
0.0,88.04,25.49
-0.01,87.01,25.487
0.0,87.8,25.488
0.01,87.74,25.484
0.01,88.13,25.483
-0.01,88.32,25.479
0.01,88.7,25.48
0.01,89.22,25.479
0.0,89.38,25.482
0.0,88.64,25.48
0.0,88.62,25.474
-0.01,88.62,25.473
0.01,90.09,25.47
0.0,89.6,25.465
0.0,89.68,25.459
0.01,89.52,25.458
0.0,89.98,25.462
0.0,89.57,25.459
0.0,88.7,25.457
0.01,88.48,25.456
0.0,88.32,25.462
-0.01,88.37,25.468
-0.005,88.59,25.467
0.0,88.81,25.466
0.01,89.05,25.464
0.01,88.29,25.466
0.01,88.7,25.467
0.01,88.59,25.47
0.0,87.96,25.472
0.01,88.53,25.48
0.01,88.32,25.484
-0.01,88.37,25.495
0.01,88.53,25.501
0.01,89.03,25.509
0.0,89.54,25.516
0.0,88.94,25.529
0.01,89.16,25.546
0.0,88.86,25.576
0.0,89.245,25.5825
0.0,89.63,25.589
0.01,89.63,25.596
0.0,89.54,25.633
0.0,90.5,25.644
0.01,90.36,25.671
-0.01,90.55,25.72
0.0,90.5,25.732
0.0,90.25,25.773
-0.01,90.25,25.768
-0.01,89.38,25.755
0.0,88.89,25.823
0.0,89.16,25.821
0.0,89.68,25.848
-0.01,89.49,25.889
0.0,89.41,25.891
0.01,89.79,25.943
-0.01,89.82,25.931
0.0,89.22,25.973
0.0,89.9,25.995
0.01,89.65,25.996
0.0,90.25,26.036
-0.01,90.8,26.064
-0.01,90.55,26.032
0.0,90.14,26.052500000000002
0.01,89.73,26.073
0.0,90.63,26.079
0.01,90.2,26.113
0.0,90.17,26.124
0.0,89.98,26.109
0.01,90.31,26.116
0.01,90.42,26.151
0.0,90.77,26.202
0.01,90.99,26.199
0.0,90.555,26.177
-0.01,90.12,26.155
0.0,90.58,26.148
-0.01,90.53,26.148
0.01,90.36,26.124
0.01,90.23,26.083
-0.02,89.46,26.068
0.0,89.16,26.055
-0.01,88.7,26.047
-0.01,89.11,26.056
0.0,88.64,26.051
-0.01,89.16,26.053
0.01,89.82,26.0
-0.004999999999999999,89.695,25.988500000000002
-0.02,89.57,25.977
-0.02,89.38,25.985
-0.01,89.82,25.958
-0.02,89.08,25.935
-0.015,89.31,25.936999999999998
-0.01,89.54,25.939
-0.01,89.98,25.907
0.0,90.33,25.917
0.0,89.57,25.908
0.0,90.42,25.898
0.0,90.39,25.905
-0.01,90.36,25.888
0.01,90.44,25.842
0.0,90.5,25.838
0.0,90.72,25.843
0.01,90.93,25.819
0.0,89.35,25.844
0.0,90.23,25.866
0.0,90.77,25.847
0.01,90.14,25.836
0.01,89.98,25.857
0.01,90.53,25.829
-0.01,93.06,25.802
-0.01,93.63,25.782
-0.01,92.52,25.763
0.0,91.75,25.748
0.01,92.11,25.731
0.0,91.04,25.704
-0.01,90.31,25.717
0.01,90.72,25.725
0.0,90.8,25.722
0.0,89.95,25.722
-0.01,90.55,25.71
-0.01,89.93,25.696
0.01,89.98,25.678
-0.01,90.17,25.677
0.0,89.98,25.663
0.0,89.68,25.661
0.0,90.2,25.685
0.01,90.09,25.704
-0.01,90.74,25.695
-0.01,90.51333333333334,25.672333333333334
-0.01,90.28666666666666,25.649666666666665
-0.01,90.06,25.627
0.0,89.82,25.61
-0.01,89.03,25.605
-0.01,89.68,25.608
0.01,89.3,25.603
0.0,89.79,25.589
0.0,89.49,25.591
-0.01,89.0,25.594
-0.01,88.96000000000001,25.595
-0.01,88.92,25.596
-0.01,88.29,25.596
0.01,87.91,25.585
0.0,88.45,25.578
-0.01,87.99,25.576
0.0,87.74,25.574
0.0,88.07,25.574
-0.01,88.02,25.588
0.0,87.14,25.596
-0.01,86.76,25.587
0.01,87.2,25.587
0.0,86.16,25.58
-0.01,85.34,25.577
0.0,85.73,25.572
0.01,87.44,25.56
0.0,86.73,25.562
0.0,86.35,25.553
0.0,86.22,25.545
-0.01,86.95,25.539
-0.01,86.05000000000001,25.54
-0.01,85.15,25.541
-0.01,85.26,25.542
-0.01,85.81,25.538
0.01,85.64,25.534
0.01,85.48,25.536
0.0,84.58,25.549
0.01,84.69,25.56
0.01,85.78,25.563
0.0,83.3,25.568
-0.02,82.32,25.568
0.01,82.29,25.568
0.02,82.92,25.567
0.01,81.83,25.564
0.01,82.51,25.565
0.01,82.1,25.565
0.0,82.21,25.569
0.01,83.54,25.568
0.0,83.41,25.574
0.0,82.92,25.582
0.0,82.81,25.592
-0.01,83.38,25.596
-0.01,82.78,25.604
0.01,82.54,25.61
-0.01,81.99,25.62
0.0,82.83,25.635
0.0,83.33,25.638
-0.01,82.78,25.644
-0.01,82.97,25.669
-0.01,82.37,25.705
0.0,82.02,25.715
-0.01,81.85,25.739
-0.01,81.64,25.751
0.0,81.55,25.752
-0.01,82.1,25.764
0.0,82.45,25.762
0.01,82.92,25.799
0.01,83.0,25.82
0.01,83.05,25.846
-0.01,83.16,25.87
0.0,83.52,25.871
0.01,83.65,25.879
0.0,84.42,25.909
0.01,83.63,25.946
0.0,83.98,25.967
0.0,83.84,25.982
0.01,84.09,25.994
0.0,83.63,26.007
0.0,83.46,25.989
0.0,84.2,26.002
0.0,83.84,25.983
0.0,83.65,25.985
0.0,83.43,25.994
0.01,83.68,25.993
0.0,83.33,25.99
-0.01,84.12,25.976
0.0,84.39,25.973
0.005,84.50999999999999,26.0275
0.01,84.63,26.082
-0.01,84.14,26.082
-0.01,84.58,26.049
-0.005,84.53999999999999,26.006999999999998
0.0,84.5,25.965
0.0,84.2,25.966
0.01,84.2,25.979
0.0,84.17,25.974
-0.01,84.61,25.925
0.01,84.14,25.917
0.0,85.13,25.886
0.01,84.91,25.87
0.0,84.39,25.872
-0.01,84.33,25.866
0.0,84.23,25.866
-0.01,84.5,25.898
-0.01,85.07,25.893
-0.01,85.29,25.859
-0.01,84.58,25.852
-0.01,84.58,25.813
-0.01,84.44,25.792
-0.01,84.74,25.781
-0.01,84.74,25.794
0.0,85.02,25.805
-0.01,84.63,25.808
0.01,84.63,25.808
-0.01,84.69,25.807
0.01,84.63,25.791
0.0,84.85,25.802
0.01,84.77,25.791
0.01,85.53,25.771
0.0,85.26,25.76
0.01,85.45,25.779
0.01,84.77,25.78
0.01,86.52,25.808
0.01,85.86,25.81
0.0,85.23,25.804
0.02,85.1,25.818
0.0,86.0,25.799
0.0,85.56,25.777
0.0,86.08,25.766
0.0,85.78,25.785
-0.01,85.62,25.775
0.01,86.22,25.774
0.0,85.78,25.76
0.0,86.08,25.742
0.01,87.42,25.733
0.0,87.31,25.727
0.01,87.28,25.729
0.0,87.42,25.714
0.01,87.58,25.697
-0.01,87.53,25.693
0.0,87.58,25.711
0.01,87.17,25.711
0.0,87.12,25.716
0.0,87.25,25.719
0.01,87.55,25.715
0.0,87.2,25.699
0.0,87.23,25.696
-0.01,87.31,25.699
0.0,88.37,25.698
0.0,89.31,25.698
0.0,90.25,25.698
-0.005,90.495,25.695999999999998
-0.01,90.74,25.694
0.0,91.81,25.694
-0.01,92.16,25.684
0.0,92.11,25.676
0.01,92.43,25.668
-0.01,92.22,25.656
0.0,91.83,25.675
-0.01,91.7,25.683
-0.005,91.67,25.676000000000002
0.0,91.64,25.669
0.0,91.38499999999999,25.6605
0.0,91.13,25.652
0.0,90.96,25.651
0.0,90.77,25.645
0.0,90.44,25.644
0.005,90.455,25.636
0.01,90.47,25.628
-0.01,90.8,25.623
0.01,90.09,25.616
0.01,90.01,25.616
0.01,90.14,25.619
0.01,90.39,25.615
0.02,90.31,25.605
0.0,90.42,25.6
0.0,90.72,25.592
0.0,90.69,25.6
0.0,90.58,25.597
0.01,90.55,25.605
0.01,90.09,25.614
0.02,90.53,25.606
0.02,90.28,25.603
0.04,89.27,25.601
0.05,89.08,25.61
0.04,88.81,25.618
0.01,89.82,25.623
0.01,89.65,25.615
0.02,89.95,25.613
0.02,90.09,25.651
0.03,90.12,25.658
0.03,89.49,25.664
0.0,89.65,25.672
0.01,89.65,25.683
0.01,90.14,25.696
-0.01,89.73,25.718
-0.02,89.87,25.733
0.0,89.71,25.744
-0.01,89.79,25.749
-0.01,90.25,25.751
-0.01,90.03,25.771
0.0,90.44,25.785
0.0,90.565,25.8045
0.0,90.69,25.824
0.01,90.42,25.846
0.0,90.39,25.847
0.01,90.39,25.849
-0.01,90.53,25.858
-0.02,90.77,25.878
-0.01,89.73,25.89
0.01,90.85,25.883
0.02,91.29,25.903
-0.01,90.36,25.912
0.49,92.92,25.907
0.07,93.03,25.9
-0.02,91.37,25.867
0.06,92.08,25.857
0.19,92.87,25.842
0.08,91.29,25.833
-0.01,90.63,25.822
-0.01,90.42,25.792
0.02,89.6,25.782
0.05,89.79,25.783
0.01,90.03,25.777
0.01,90.12,25.766
-0.01,89.57,25.765
-0.01,89.63,25.779
0.01,89.49,25.796
-0.01,89.24,25.809
0.01,90.66,25.814
-0.01,89.71,25.819
0.01,90.44,25.805
-0.01,89.52,25.8
-0.01,90.88,25.791
-0.01,90.01,25.777
-0.01,89.38,25.772
0.0,88.455,25.764
0.01,87.53,25.756
-0.01,86.84,25.748
0.0,84.53,25.739
-0.01,85.29,25.735
-0.01,84.14,25.734
0.0,83.38,25.73
0.01,84.63,25.73
0.0,84.66,25.733
-0.01,84.33,25.735
0.0,83.52,25.733
0.0,83.13,25.724
-0.02,83.05,25.717
-0.01,84.47,25.719
-0.02,84.03,25.722
0.0,84.58,25.719
0.0,84.77,25.713
-0.01,84.53,25.713
-0.01,84.44,25.716
0.01,85.1,25.71
0.0,84.85,25.705
0.0,85.29,25.696
0.01,85.23,25.694
0.01,85.18,25.697
0.01,85.32,25.703
0.02,85.59,25.705
-0.01,84.91,25.71
